-- phpMyAdmin SQL Dump
-- version 5.2.1
-- https://www.phpmyadmin.net/
--
-- 主機： 127.0.0.1
-- 產生時間： 2025-09-08 08:33:08
-- 伺服器版本： 10.4.32-MariaDB
-- PHP 版本： 8.2.12

SET SQL_MODE = "NO_AUTO_VALUE_ON_ZERO";
START TRANSACTION;
SET time_zone = "+00:00";


/*!40101 SET @OLD_CHARACTER_SET_CLIENT=@@CHARACTER_SET_CLIENT */;
/*!40101 SET @OLD_CHARACTER_SET_RESULTS=@@CHARACTER_SET_RESULTS */;
/*!40101 SET @OLD_COLLATION_CONNECTION=@@COLLATION_CONNECTION */;
/*!40101 SET NAMES utf8mb4 */;

--
-- 資料庫： `oakly`
--

-- --------------------------------------------------------

--
-- 資料表結構 `bookings`
--

CREATE TABLE `bookings` (
  `id` int(11) NOT NULL,
  `user_id` int(10) UNSIGNED NOT NULL,
  `city` varchar(20) NOT NULL,
  `district` varchar(20) NOT NULL,
  `address` varchar(100) NOT NULL,
  `organizer_id` int(11) NOT NULL,
  `price` int(11) DEFAULT NULL,
  `service_datetime` datetime NOT NULL,
  `note` varchar(255) DEFAULT NULL,
  `status` tinyint(1) NOT NULL DEFAULT 1 COMMENT '1=諮詢中，2=預約成功，3=服務完成，4=已取消',
  `is_valid` tinyint(1) NOT NULL DEFAULT 1 COMMENT '1=有效，0=刪除',
  `created_at` datetime DEFAULT current_timestamp()
) ENGINE=InnoDB DEFAULT CHARSET=utf8mb4 COLLATE=utf8mb4_general_ci;

--
-- 傾印資料表的資料 `bookings`
--

INSERT INTO `bookings` (`id`, `user_id`, `city`, `district`, `address`, `organizer_id`, `price`, `service_datetime`, `note`, `status`, `is_valid`, `created_at`) VALUES
(1, 1, '新竹市', '東區', '晚安', 2, NULL, '2025-09-18 00:00:00', '安安', 1, 1, '2025-09-02 09:55:06'),
(2, 1, '臺中市', '東區', '好類路一段148號', 8, 10000, '2025-09-24 14:00:00', '', 2, 1, '2025-09-02 14:51:43'),
(3, 1, '屏東縣', '高樹鄉', '第三段', 13, 12000, '2025-09-25 12:00:00', '今天天氣真好', 3, 1, '2025-09-02 14:52:22'),
(4, 1, '臺中市', '豐原區', '第四個', 8, NULL, '2025-09-25 00:00:00', '515ㄚㄚ', 4, 1, '2025-09-02 14:52:50');

-- --------------------------------------------------------

--
-- 資料表結構 `booking_images`
--

CREATE TABLE `booking_images` (
  `id` int(11) NOT NULL,
  `booking_id` int(11) NOT NULL,
  `image_url` varchar(500) NOT NULL,
  `created_at` datetime DEFAULT current_timestamp()
) ENGINE=InnoDB DEFAULT CHARSET=utf8mb4 COLLATE=utf8mb4_general_ci;

--
-- 傾印資料表的資料 `booking_images`
--

INSERT INTO `booking_images` (`id`, `booking_id`, `image_url`, `created_at`) VALUES
(1, 1, '/uploads/booking_images/216802e4-1027-42bf-b741-61def169fcd6.jpg', '2025-09-02 09:55:06'),
(2, 1, '/uploads/booking_images/d767afb3-b557-4336-b517-79121df344e7.jpg', '2025-09-02 09:55:06'),
(3, 1, '/uploads/booking_images/760872c1-f95f-4547-bdb3-e2467dcf6024.jpg', '2025-09-02 09:55:06'),
(4, 2, '/uploads/booking_images/8f60cd9f-d93e-455a-b216-24b54f815257.jpg', '2025-09-02 14:51:43'),
(5, 3, '/uploads/booking_images/28772084-369a-430a-827f-a8f7b2f41bed.jpg', '2025-09-02 14:52:22'),
(6, 3, '/uploads/booking_images/3b7c8fe8-f194-4b22-ba8d-de2f7df35f8f.jpg', '2025-09-02 14:52:22'),
(7, 4, '/uploads/booking_images/d60fbea5-ddcb-4e5e-acf0-378115ae0f5d.jpg', '2025-09-02 14:52:50');

-- --------------------------------------------------------

--
-- 資料表結構 `bookmarks`
--

CREATE TABLE `bookmarks` (
  `id` int(10) UNSIGNED NOT NULL,
  `user_id` int(10) UNSIGNED NOT NULL,
  `article_id` int(10) UNSIGNED NOT NULL,
  `created_at` datetime DEFAULT current_timestamp(),
  `updated_at` datetime DEFAULT current_timestamp() ON UPDATE current_timestamp()
) ENGINE=InnoDB DEFAULT CHARSET=utf8mb4 COLLATE=utf8mb4_general_ci;

-- --------------------------------------------------------

--
-- 資料表結構 `colors`
--

CREATE TABLE `colors` (
  `id` int(11) NOT NULL,
  `color_name` varchar(50) DEFAULT NULL
) ENGINE=InnoDB DEFAULT CHARSET=utf8mb4 COLLATE=utf8mb4_general_ci;

--
-- 傾印資料表的資料 `colors`
--

INSERT INTO `colors` (`id`, `color_name`) VALUES
(1, '白色'),
(2, '黑色'),
(3, '原木色'),
(4, '淺灰'),
(5, '深灰'),
(6, '淺藍'),
(7, '深藍'),
(8, '淺綠'),
(9, '深綠'),
(10, '米黃色');

-- --------------------------------------------------------

--
-- 資料表結構 `comments`
--

CREATE TABLE `comments` (
  `id` int(11) NOT NULL,
  `user_id` int(10) UNSIGNED NOT NULL,
  `product_id` int(11) NOT NULL,
  `comment` text NOT NULL,
  `created_at` timestamp NOT NULL DEFAULT current_timestamp()
) ENGINE=InnoDB DEFAULT CHARSET=utf8mb4 COLLATE=utf8mb4_general_ci;

-- --------------------------------------------------------

--
-- 資料表結構 `coupons`
--

CREATE TABLE `coupons` (
  `id` int(11) NOT NULL,
  `name` varchar(50) NOT NULL,
  `code` varchar(20) DEFAULT NULL,
  `discount_type` tinyint(1) NOT NULL,
  `discount` decimal(7,2) NOT NULL,
  `min_discount` int(11) DEFAULT 0,
  `max_amount` int(11) DEFAULT NULL,
  `start_at` date DEFAULT NULL,
  `end_at` date DEFAULT NULL,
  `valid_days` int(11) DEFAULT NULL,
  `is_valid` tinyint(1) DEFAULT 1,
  `created_at` datetime DEFAULT current_timestamp()
) ENGINE=InnoDB DEFAULT CHARSET=utf8mb4 COLLATE=utf8mb4_general_ci;

--
-- 傾印資料表的資料 `coupons`
--

INSERT INTO `coupons` (`id`, `name`, `code`, `discount_type`, `discount`, `min_discount`, `max_amount`, `start_at`, `end_at`, `valid_days`, `is_valid`, `created_at`) VALUES
(1, '期間限定優惠券', 'GRAB001A', 2, 0.98, 0, NULL, NULL, NULL, 7, 1, '2025-09-08 14:29:10'),
(2, '期間限定優惠券', 'GRAB002B', 1, 120.00, 1400, NULL, NULL, NULL, 7, 1, '2025-09-08 14:29:10'),
(3, '期間限定優惠券', 'GRAB003C', 2, 0.85, 1600, NULL, NULL, NULL, 7, 1, '2025-09-08 14:29:10'),
(4, '新會員專屬券', 'NEW2025A', 1, 200.00, 1000, NULL, '2025-09-01', '2025-10-01', NULL, 1, '2025-09-08 14:29:10'),
(5, '滿額折扣券', 'SAVE500B', 1, 500.00, 3000, NULL, '2025-09-01', '2025-09-30', NULL, 1, '2025-09-08 14:29:10'),
(6, '高級會員折扣', 'VIP15OFF', 2, 0.85, 2000, NULL, '2025-09-01', '2025-09-30', NULL, 1, '2025-09-08 14:29:10'),
(7, '生活用品特惠', 'LIFE10PC', 2, 0.90, 800, NULL, '2025-09-05', '2025-09-30', NULL, 1, '2025-09-08 14:29:10'),
(8, '限時搶購券', 'FLASH50', 1, 50.00, 500, NULL, '2025-09-05', '2025-09-30', NULL, 1, '2025-09-08 14:29:10'),
(26, '原木會員專屬8折券', 'OQ3E8RJM', 2, 0.80, 500, 1000, NULL, NULL, 20, 1, '2025-06-13 13:52:43'),
(27, '全館滿額現折券', 'MZCKP7J1', 1, 300.00, 1500, 5000, '2024-10-15', '2024-11-15', NULL, 1, '2025-06-13 13:53:35'),
(28, '會員專屬限量現金券', 'DOSRF2RP', 1, 180.00, 600, 150, '2025-06-15', '2025-07-15', NULL, 1, '2025-06-13 13:54:27'),
(29, '家具清倉折扣券', 'O9ALQ4P9', 1, 250.00, 1000, NULL, '2024-07-20', '2024-08-20', NULL, 1, '2025-06-13 13:55:27'),
(30, '辦公空間滿額8折券', 'QCVSR1K4', 2, 0.80, 800, 1000, '2025-07-05', '2025-07-25', NULL, 1, '2025-06-13 13:56:10'),
(31, '全館任選9折券', '6DDUINGI', 2, 0.90, 300, NULL, '2025-06-01', '2025-06-30', NULL, 1, '2025-06-13 14:06:36'),
(32, '收納用品專屬現折券', '6QBB82H5', 1, 120.00, 400, 450, '2024-10-01', '2024-11-01', NULL, 1, '2025-06-13 14:14:21'),
(33, '會員專屬滿額折扣券', 'DQI0W808', 1, 300.00, 1500, NULL, NULL, NULL, 7, 1, '2025-06-13 14:15:07'),
(34, '兒童房超值折扣券', 'MQPCG24K', 2, 0.75, 200, 180, '2025-07-10', '2025-07-31', NULL, 1, '2025-06-13 14:15:54'),
(35, '全館清倉特賣券', 'U7S5VZHU', 1, 400.00, 2000, 1100, '2024-08-10', '2024-09-10', NULL, 1, '2025-06-13 14:17:01'),
(36, '客廳家電現金券', 'S8OC6VOY', 1, 180.00, 600, NULL, '2025-06-10', '2025-07-15', NULL, 1, '2025-06-13 14:17:38'),
(37, '原木家具專屬券', '8MLIZM96', 2, 0.80, 500, 600, NULL, NULL, 14, 1, '2025-06-13 14:18:12'),
(38, '餐廳廚房滿額現折券', 'NEPTRRU3', 1, 150.00, 700, 30, '2025-07-01', '2025-07-20', NULL, 1, '2025-06-13 14:18:43'),
(39, '會員限定高額折扣券', 'FUIE0P27', 1, 500.00, 2500, 50, '2024-07-25', '2024-08-25', NULL, 1, '2025-06-13 14:19:29'),
(40, '全館自由折扣券', 'AZ93120Q', 2, 0.85, 300, NULL, NULL, NULL, 30, 1, '2025-06-13 14:25:30'),
(41, '全館家具折扣券', '5XMCV1PK', 1, 200.00, 500, 250, '2025-06-01', '2025-06-30', NULL, 1, '2025-06-13 14:27:17'),
(42, '兒童房限量優惠券', '6K0SBMTB', 2, 0.80, 300, 30, '2025-07-05', '2025-07-25', NULL, 1, '2025-06-13 14:27:57'),
(43, '全館自由現折券', 'SYF7JOGB', 1, 150.00, 400, NULL, NULL, NULL, 21, 1, '2025-06-13 14:28:56'),
(44, '餐廳廚房現金優惠券', 'WT37E058', 1, 100.00, 500, 50, '2024-08-15', '2024-09-15', NULL, 1, '2025-06-13 14:29:39'),
(45, '家具超值9折券', 'CDLSZC2B', 2, 0.90, 600, NULL, '2025-06-10', '2025-07-10', NULL, 1, '2025-06-13 14:30:15'),
(46, '會員限定高額現折券', '6UAYH101', 1, 400.00, 2000, 30, '2024-07-20', '2024-08-20', NULL, 1, '2025-06-13 14:31:08'),
(47, '親子空間滿額現折券', '0ZNHXJBM', 1, 180.00, 800, 400, '2025-07-01', '2025-07-20', NULL, 1, '2025-06-13 14:31:59'),
(48, '會員專屬折扣碼', 'PLYXFTGD', 2, 0.85, 500, NULL, NULL, NULL, 7, 1, '2025-06-13 14:32:29'),
(49, '全館清倉現折券', '5MFIYPLC', 1, 300.00, 1500, 150, '2025-01-01', '2025-02-28', NULL, 1, '2025-06-13 14:33:20'),
(50, '辦公空間滿額8折券', 'MAZM03B4', 2, 0.80, 700, 45, '2025-06-25', '2025-07-25', NULL, 1, '2025-06-13 14:34:02'),
(51, '全館快閃限量券', 'IHG3K9UN', 1, 250.00, 1000, 35, '2025-02-01', '2025-03-31', NULL, 1, '2025-06-13 14:35:20'),
(52, '木芽會員滿額9折券', 'ECJ4UP3G', 2, 0.90, 500, NULL, NULL, NULL, 30, 1, '2025-06-13 14:35:54'),
(53, '餐廳家電限時優惠券', 'JUNHGT88', 1, 180.00, 600, 280, '2025-06-10', '2025-07-31', NULL, 1, '2025-06-13 14:36:49'),
(54, '親子房新品促銷券', 'S14I8JHS', 1, 200.00, 700, 1300, '2025-07-05', '2025-07-25', NULL, 1, '2025-06-13 14:37:35'),
(55, '全館自由使用85折券', 'T6PGZCJW', 2, 0.85, 300, NULL, NULL, NULL, 21, 1, '2025-06-13 14:38:18');

-- --------------------------------------------------------

--
-- 資料表結構 `coupon_categories`
--

CREATE TABLE `coupon_categories` (
  `id` int(11) NOT NULL,
  `coupon_id` int(11) NOT NULL,
  `category_id` int(11) NOT NULL
) ENGINE=InnoDB DEFAULT CHARSET=utf8mb4 COLLATE=utf8mb4_general_ci;

--
-- 傾印資料表的資料 `coupon_categories`
--

INSERT INTO `coupon_categories` (`id`, `coupon_id`, `category_id`) VALUES
(1, 1, 1),
(2, 1, 2),
(3, 1, 3),
(4, 1, 4),
(5, 1, 5),
(6, 1, 6),
(7, 2, 6),
(8, 3, 5),
(9, 4, 1),
(10, 4, 3),
(11, 5, 1),
(12, 5, 2),
(13, 5, 3),
(14, 5, 4),
(15, 5, 5),
(16, 5, 6),
(17, 6, 4),
(18, 6, 5),
(19, 7, 3),
(20, 8, 2);

-- --------------------------------------------------------

--
-- 資料表結構 `coupon_level`
--

CREATE TABLE `coupon_level` (
  `id` int(11) NOT NULL,
  `coupon_id` int(11) NOT NULL,
  `levels_id` int(10) UNSIGNED NOT NULL
) ENGINE=InnoDB DEFAULT CHARSET=utf8mb4 COLLATE=utf8mb4_general_ci;

--
-- 傾印資料表的資料 `coupon_level`
--

INSERT INTO `coupon_level` (`id`, `coupon_id`, `levels_id`) VALUES
(1, 1, 1),
(2, 1, 2),
(3, 1, 3),
(4, 2, 1),
(5, 2, 2),
(6, 2, 3),
(7, 3, 1),
(8, 3, 2),
(9, 3, 3),
(10, 4, 1),
(11, 5, 1),
(12, 5, 2),
(13, 5, 3),
(14, 6, 3),
(15, 7, 2),
(16, 7, 3),
(17, 8, 1),
(18, 8, 2),
(19, 8, 3);

-- --------------------------------------------------------

--
-- 資料表結構 `designers`
--

CREATE TABLE `designers` (
  `id` int(11) NOT NULL,
  `name` varchar(100) DEFAULT NULL
) ENGINE=InnoDB DEFAULT CHARSET=utf8mb4 COLLATE=utf8mb4_general_ci;

--
-- 傾印資料表的資料 `designers`
--

INSERT INTO `designers` (`id`, `name`) VALUES
(1, 'Charles and Ray Eames'),
(2, 'Isamu Noguchi'),
(3, 'Le Corbusier'),
(4, 'Eero Saarinen'),
(5, 'Arne Jacobsen'),
(6, 'Hans Wegner'),
(7, 'Josef Frank'),
(8, 'Piero Fornasetti'),
(9, 'Frank Lloyd Wright'),
(10, 'Eileen Gray'),
(11, 'Ludwig Mies van der Rohe'),
(12, 'Verner Panton'),
(13, 'Dieter Rams'),
(14, 'Konstantin Grcic'),
(15, 'Charlotte Perriand');

-- --------------------------------------------------------

--
-- 資料表結構 `favorites`
--

CREATE TABLE `favorites` (
  `id` int(10) UNSIGNED NOT NULL,
  `user_id` int(10) UNSIGNED NOT NULL,
  `product_id` int(11) NOT NULL,
  `created_at` datetime DEFAULT current_timestamp(),
  `updated_at` datetime DEFAULT current_timestamp() ON UPDATE current_timestamp()
) ENGINE=InnoDB DEFAULT CHARSET=utf8mb4 COLLATE=utf8mb4_general_ci;

-- --------------------------------------------------------

--
-- 資料表結構 `materials`
--

CREATE TABLE `materials` (
  `id` int(11) NOT NULL,
  `material_name` varchar(100) DEFAULT NULL
) ENGINE=InnoDB DEFAULT CHARSET=utf8mb4 COLLATE=utf8mb4_general_ci;

--
-- 傾印資料表的資料 `materials`
--

INSERT INTO `materials` (`id`, `material_name`) VALUES
(1, '木質 / Wood'),
(2, '金屬 / Metal'),
(3, '塑膠 / Plastic'),
(4, '皮革 / Leather'),
(5, '布料 / Fabric'),
(6, '玻璃 / Glass'),
(7, '大理石 / Marble'),
(8, '藤 / Rattan'),
(9, '亞克力 / Acrylic'),
(10, '竹 / Bamboo');

-- --------------------------------------------------------

--
-- 資料表結構 `materials_list`
--

CREATE TABLE `materials_list` (
  `product_id` int(11) NOT NULL,
  `materials_id` int(11) NOT NULL
) ENGINE=InnoDB DEFAULT CHARSET=utf8mb4 COLLATE=utf8mb4_general_ci;

--
-- 傾印資料表的資料 `materials_list`
--

INSERT INTO `materials_list` (`product_id`, `materials_id`) VALUES
(1, 1),
(1, 3),
(1, 5),
(2, 2),
(2, 4),
(2, 6),
(3, 1),
(3, 2),
(3, 7),
(4, 3),
(4, 5),
(4, 8),
(5, 2),
(5, 6),
(5, 9),
(6, 1),
(6, 4),
(6, 7),
(7, 3),
(7, 5),
(7, 10),
(8, 2),
(8, 4),
(8, 6),
(9, 1),
(9, 3),
(9, 8),
(10, 2),
(10, 5),
(10, 9),
(11, 1),
(11, 4),
(11, 7),
(12, 3),
(12, 6),
(12, 10),
(13, 2),
(13, 5),
(13, 8),
(14, 1),
(14, 3),
(14, 9),
(15, 2),
(15, 4),
(15, 7),
(16, 1),
(16, 5),
(16, 8),
(17, 3),
(17, 6),
(18, 2),
(18, 5),
(18, 9),
(19, 1),
(19, 3),
(19, 7),
(20, 2),
(20, 4),
(20, 6),
(21, 1),
(21, 5),
(21, 8),
(22, 3),
(22, 6),
(22, 10),
(23, 2),
(23, 4),
(23, 7),
(24, 1),
(24, 3),
(24, 9),
(25, 2),
(25, 5),
(25, 8),
(26, 1),
(26, 4),
(26, 6),
(27, 3),
(27, 7),
(27, 10),
(28, 2),
(28, 5),
(28, 9),
(29, 1),
(29, 3),
(29, 6),
(30, 2),
(30, 4),
(30, 7),
(31, 1),
(31, 5),
(31, 8),
(32, 3),
(32, 6),
(32, 10),
(33, 2),
(33, 4),
(33, 9),
(34, 1),
(34, 3),
(34, 7);

-- --------------------------------------------------------

--
-- 資料表結構 `orders`
--

CREATE TABLE `orders` (
  `id` int(11) NOT NULL,
  `order_number` varchar(20) NOT NULL,
  `user_id` int(10) UNSIGNED NOT NULL,
  `total_amount` int(11) NOT NULL,
  `create_at` datetime DEFAULT current_timestamp(),
  `buyer_name` varchar(100) NOT NULL,
  `buyer_email` varchar(100) DEFAULT NULL,
  `buyer_phone` varchar(20) DEFAULT NULL,
  `recipient_name` varchar(100) NOT NULL,
  `recipient_phone` varchar(20) NOT NULL,
  `postal_code` varchar(20) NOT NULL,
  `address` varchar(255) NOT NULL
) ENGINE=InnoDB DEFAULT CHARSET=utf8mb4 COLLATE=utf8mb4_general_ci;

-- --------------------------------------------------------

--
-- 資料表結構 `order_items`
--

CREATE TABLE `order_items` (
  `id` int(11) NOT NULL,
  `order_id` int(11) NOT NULL,
  `product_id` int(11) NOT NULL,
  `quantity` int(11) NOT NULL,
  `price` int(11) NOT NULL,
  `size` varchar(10) DEFAULT NULL,
  `color` varchar(30) DEFAULT NULL,
  `material` varchar(30) DEFAULT NULL
) ENGINE=InnoDB DEFAULT CHARSET=utf8mb4 COLLATE=utf8mb4_general_ci;

-- --------------------------------------------------------

--
-- 資料表結構 `organizers`
--

CREATE TABLE `organizers` (
  `id` int(11) NOT NULL,
  `name` varchar(20) NOT NULL,
  `photo` varchar(500) DEFAULT NULL,
  `introduction` varchar(100) DEFAULT NULL,
  `region` tinyint(1) NOT NULL,
  `is_valid` tinyint(1) NOT NULL DEFAULT 1,
  `created_at` datetime DEFAULT current_timestamp()
) ENGINE=InnoDB DEFAULT CHARSET=utf8mb4 COLLATE=utf8mb4_general_ci;

--
-- 傾印資料表的資料 `organizers`
--

INSERT INTO `organizers` (`id`, `name`, `photo`, `introduction`, `region`, `is_valid`, `created_at`) VALUES
(1, 'Mia', '/img/organizers/005.jpg', '以系統化整理為核心，深度了解居住者需求，專精小坪數空間規劃與收納美學設計。', 1, 1, '2025-09-08 14:31:17'),
(2, '雅婷', '/img/organizers/006.jpg', '專注親子家庭空間規劃，擅長兒童物品分類收納，打造安全舒適的成長環境。', 1, 1, '2025-09-08 14:31:17'),
(3, '魷魚', '/img/organizers/007.jpg', '衣物整理專業顧問，致力於建構個人風格衣櫥，提升日常穿搭效率與生活品質。', 1, 1, '2025-09-08 14:31:17'),
(4, '蕭諟', '/img/organizers/008.jpg', '廚房空間整理達人，專精廚具收納與食材管理，創造高效率的烹飪環境。', 1, 1, '2025-09-08 14:31:17'),
(5, 'Evan', '/img/organizers/001.jpg', '工作空間整理專家，提升居家辦公效率，打造專注力與創意並存的環境。', 1, 1, '2025-09-08 14:31:17'),
(6, '花花', '/img/organizers/009.jpg', '極簡生活實踐者，引導客戶重新審視物品價值，建立清爽有質感的生活空間。', 1, 1, '2025-09-08 14:31:17'),
(7, 'Jason', '/img/organizers/002.jpg', '商業空間整理顧問，專精辦公環境優化，提升團隊工作效率與空間使用價值。', 2, 1, '2025-09-08 14:31:17'),
(8, '小宜', '/img/organizers/010.jpg', '老屋空間改造專家，善於挖掘舊空間潛力，重新定義居住功能與動線規劃。', 2, 1, '2025-09-08 14:31:17'),
(9, '瑜恩', '/img/organizers/011.jpg', '兒童教育整理師，培養孩子自主收納能力，建立良好生活習慣與責任感。', 2, 1, '2025-09-08 14:31:17'),
(10, 'Emma', '/img/organizers/012.jpg', '季節收納規劃師，建立完整換季整理系統，讓衣物管理變得輕鬆有條理。', 2, 1, '2025-09-08 14:31:17'),
(11, '阿賢', '/img/organizers/003.jpg', '斷捨離生活導師，協助客戶釋放空間壓力，重新找回生活的輕盈與自在感。', 3, 1, '2025-09-08 14:31:17'),
(12, 'Sophie', '/img/organizers/013.jpg', '收納工具專業顧問，精通各類收納產品應用，打造最適合的個人化收納方案。', 3, 1, '2025-09-08 14:31:17'),
(13, '柏丞', '/img/organizers/004.jpg', '數位生活整理師，整合實體與虛擬空間管理，創造現代人的高效生活模式。', 3, 1, '2025-09-08 14:31:17');

-- --------------------------------------------------------

--
-- 資料表結構 `products`
--

CREATE TABLE `products` (
  `id` int(11) NOT NULL,
  `name` varchar(100) DEFAULT NULL,
  `category_id` int(11) NOT NULL,
  `description` text DEFAULT NULL,
  `price` int(11) NOT NULL,
  `quantity` int(11) NOT NULL,
  `create_at` datetime DEFAULT current_timestamp(),
  `update_at` datetime DEFAULT current_timestamp(),
  `is_valid` tinyint(4) DEFAULT 1,
  `style` varchar(255) DEFAULT NULL,
  `color` varchar(50) DEFAULT NULL,
  `status` tinyint(1) DEFAULT 1,
  `designer_id` int(11) DEFAULT NULL,
  `colors` int(11) NOT NULL DEFAULT 1,
  `designers_id` int(11) NOT NULL DEFAULT 1,
  `materials_id` int(11) NOT NULL DEFAULT 1
) ENGINE=InnoDB DEFAULT CHARSET=utf8mb4 COLLATE=utf8mb4_general_ci;

--
-- 傾印資料表的資料 `products`
--

INSERT INTO `products` (`id`, `name`, `category_id`, `description`, `price`, `quantity`, `create_at`, `update_at`, `is_valid`, `style`, `color`, `status`, `designer_id`, `colors`, `designers_id`, `materials_id`) VALUES
(1, 'KALLAX 層架組', 1, '多功能層架，可橫放或直放，適合收納和展示。', 1999, 40, '2025-06-15 02:49:55', '2025-06-15 20:02:10', 1, '北歐簡約風', '原木色', 1, 7, 9, 10, 7),
(2, 'EKTORP 三人座沙發', 1, '舒適的三人座沙發，可拆洗的布套。', 12990, 20, '2025-06-15 02:49:55', '2025-06-15 02:49:55', 1, '現代極簡風', '米色', 1, 8, 10, 2, 2),
(3, 'LACK 邊桌', 1, '輕巧實用的邊桌，適合各種空間。', 399, 100, '2025-06-15 02:49:55', '2025-06-15 02:49:55', 1, '北歐簡約風', '白色, 原木色', 1, 7, 2, 8, 9),
(4, 'POÄNG 扶手椅', 1, '經典設計扶手椅，提供舒適支撐。', 3999, 30, '2025-06-15 02:49:55', '2025-06-15 02:49:55', 1, '北歐簡約風', '灰色', 1, 2, 2, 5, 1),
(5, 'BRIMNES 電視櫃', 1, '現代風格電視櫃，附收納空間。', 3999, 25, '2025-06-15 02:49:55', '2025-06-15 02:49:55', 1, '現代極簡風', '黑色', 1, 8, 3, 10, 6),
(6, 'KIVIK 單人沙發床', 1, '多功能沙發床，可展開作為床使用。', 10990, 15, '2025-06-15 02:49:55', '2025-06-15 02:49:55', 1, '現代極簡風', '灰色', 1, 3, 7, 5, 5),
(7, 'LÖVBACKEN 茶几', 1, '葉形設計茶几，增添空間趣味。', 799, 35, '2025-06-15 02:49:55', '2025-06-16 23:34:11', 1, '北歐簡約風', '黑色', 1, 10, 6, 3, 9),
(8, 'STRANDMON 扶手椅', 1, '高背扶手椅，提供舒適支撐。', 5999, 20, '2025-06-15 02:49:55', '2025-06-15 02:49:55', 1, '北歐簡約風', '灰棕色', 1, 2, 8, 2, 10),
(9, 'BORGEBY 咖啡桌', 1, '大理石紋茶几，展現優雅風格。', 249, 25, '2025-06-15 02:49:55', '2025-06-17 00:11:13', 1, '輕奢設計風', '奶油色', 1, 8, 2, 8, 10),
(10, 'VIMLE 沙發床', 1, '模組化沙發，可自由組合。', 15999, 15, '2025-06-15 02:49:55', '2025-06-15 02:49:55', 0, '現代極簡風', NULL, 1, 4, 7, 4, 1),
(11, 'KIVIK 沙發', 1, '寬敞舒適的沙發，適合家庭使用。', 21999, 10, '2025-06-15 02:49:55', '2025-06-16 23:33:49', 1, '現代極簡風', '寧靜藍色', 1, 4, 7, 7, 3),
(12, 'LIDHULT 沙發', 1, '高品質沙發，提供極致舒適。', 29999, 8, '2025-06-15 02:49:55', '2025-06-15 02:49:55', 1, '輕奢設計風', '米色, 淺藍色', 1, 7, 4, 3, 3),
(13, 'NORDLI 床頭櫃', 1, '現代風格床頭櫃，附收納空間。', 2499, 40, '2025-06-15 02:49:55', '2025-06-15 02:49:55', 1, '北歐簡約風', '奶油色, 白色', 1, 6, 10, 1, 5),
(14, 'HEMNES 電視櫃', 1, '實木電視櫃，提供充足收納空間。', 3999, 30, '2025-06-15 02:49:55', '2025-06-15 02:49:55', 1, '北歐簡約風', '黑色', 1, 6, 6, 6, 4),
(15, 'BRIMNES 電視櫃組合', 1, '模組化電視櫃組合，可自由搭配。', 5999, 20, '2025-06-15 02:49:55', '2025-06-15 02:49:55', 1, '現代極簡風', '白色', 1, 10, 2, 5, 6),
(16, 'KALLAX 層架組合', 1, '多功能層架組合，適合收納和展示。', 2999, 35, '2025-06-15 02:49:55', '2025-06-15 02:49:55', 1, '北歐簡約風', '原木色', 1, 4, 8, 7, 8),
(17, 'LACK 層架', 1, '輕巧實用的層架，適合各種空間。', 699, 80, '2025-06-15 02:49:55', '2025-06-17 00:19:18', 1, '北歐簡約風', '銀色', 1, 7, 6, 10, 1),
(18, 'BILLY 書櫃', 1, '經典書櫃，可自由組合。', 2499, 45, '2025-06-15 02:49:56', '2025-06-15 02:49:56', 1, '北歐簡約風', '白色', 1, 4, 4, 8, 2),
(19, 'FJÄLLBO 層架', 1, '工業風格層架，展現獨特魅力。', 1999, 30, '2025-06-15 02:49:56', '2025-06-15 02:49:56', 1, '工業復古風', '原木色', 1, 10, 3, 2, 6),
(20, 'KALLAX 收納櫃', 1, '多功能收納櫃，可橫放或直放。', 2499, 40, '2025-06-15 02:49:56', '2025-06-15 02:49:56', 1, '北歐簡約風', '白色, 淺藍色', 1, 7, 10, 3, 2),
(21, 'BJÖRKUDDEN 餐桌', 2, '實木餐桌，可延伸設計，適合家庭使用。', 5999, 25, '2025-06-15 02:49:56', '2025-06-15 02:49:56', 1, '北歐簡約風', '原木色', 1, 4, 3, 10, 1),
(22, 'KNOXHULT 廚房', 2, '模組化廚房系統，可依需求組合。', 12280, 15, '2025-06-15 02:49:56', '2025-06-15 02:49:56', 1, '現代極簡風', '白色', 1, 10, 3, 10, 8),
(23, 'INGATORP 餐椅', 2, '舒適的餐椅，適合長時間用餐。', 1999, 50, '2025-06-15 02:49:56', '2025-06-15 02:49:56', 1, '北歐簡約風', '白灰色', 1, 6, 6, 8, 9),
(24, 'VADHOLMA 廚房推車', 2, '多功能廚房推車，可移動使用。', 3999, 30, '2025-06-15 02:49:56', '2025-06-15 02:49:56', 1, '工業復古風', '銀色', 1, 10, 2, 9, 8),
(25, 'KUNGSFORS 廚房收納架', 2, '模組化廚房收納系統，可自由組合。', 2499, 40, '2025-06-15 02:49:56', '2025-06-15 02:49:56', 1, '現代極簡風', '白色', 1, 2, 2, 10, 5),
(26, 'BJÖRKUDDEN 餐椅', 2, '實木餐椅，搭配餐桌使用。', 2999, 45, '2025-06-15 02:49:56', '2025-06-16 23:33:20', 1, '北歐簡約風', '灰色', 1, 8, 10, 3, 1),
(27, 'INGATORP 餐桌', 2, '可延伸餐桌，適合家庭使用。', 7999, 20, '2025-06-15 02:49:56', '2025-06-17 00:43:34', 1, '北歐簡約風', '黑色', 1, 6, 7, 6, 6),
(28, 'VADHOLMA 廚房島', 2, '多功能廚房島，提供額外工作空間。', 8999, 10, '2025-06-15 02:49:56', '2025-06-16 23:31:36', 1, '工業復古風', '黑色', 1, 2, 1, 1, 10),
(29, 'KUNGSFORS 廚房掛架', 2, '廚房收納掛架，節省空間。', 1299, 60, '2025-06-15 02:49:56', '2025-06-15 02:49:56', 1, '現代極簡風', '白色', 1, 4, 6, 7, 10),
(30, 'BJÖRKUDDEN 長凳', 2, '實木長凳，可作為座位或收納使用。', 2999, 30, '2025-06-15 02:49:56', '2025-06-15 02:49:56', 1, '北歐簡約風', '棕色', 1, 3, 6, 1, 8),
(31, 'INGATORP 餐邊櫃', 2, '實木餐邊櫃，提供額外收納空間。', 4999, 25, '2025-06-15 02:49:56', '2025-06-15 02:49:56', 1, '北歐簡約風', '原木色', 1, 3, 2, 1, 2),
(32, 'VADHOLMA 廚房收納櫃', 2, '實木廚房收納櫃，展現自然質感。', 5999, 20, '2025-06-15 02:49:56', '2025-06-15 02:49:56', 1, '工業復古風', '白色', 1, 3, 9, 4, 6),
(33, 'KUNGSFORS 廚房收納系統', 2, '模組化廚房收納系統，可自由組合。', 3499, 35, '2025-06-15 02:49:56', '2025-06-15 02:49:56', 1, '現代極簡風', '白色', 1, 8, 10, 6, 3),
(34, 'BJÖRKUDDEN 吧台椅', 2, '實木吧台椅，適合廚房島使用。', 1499, 40, '2025-06-15 02:49:56', '2025-06-15 02:49:56', 1, '北歐簡約風', '黑色', 1, 2, 2, 7, 8),
(35, 'INGATORP 餐椅組合', 2, '四張餐椅組合，適合家庭使用。', 6999, 20, '2025-06-15 02:49:56', '2025-06-16 23:34:00', 1, '北歐簡約風', '淡黃色', 1, 3, 10, 5, 10),
(36, 'VADHOLMA 廚房收納架組合', 2, '廚房收納架組合，提供充足收納空間。', 4999, 25, '2025-06-15 02:49:56', '2025-06-15 20:03:17', 1, '工業復古風', '銀色', 1, 1, 5, 3, 4),
(37, 'KUNGSFORS 廚房收納系統組合', 2, '廚房收納系統組合，可自由搭配。', 6999, 20, '2025-06-15 02:49:56', '2025-06-17 00:19:25', 1, '現代極簡風', '銀色', 1, 5, 1, 1, 10),
(38, 'BJÖRKUDDEN 餐桌組合', 2, '餐桌和四張餐椅組合，適合家庭使用。', 9999, 10, '2025-06-15 02:49:56', '2025-06-16 23:33:01', 1, '北歐簡約風', '白色', 1, 2, 3, 6, 9),
(39, 'INGATORP 餐邊櫃組合', 2, '餐邊櫃和收納架組合，提供充足收納空間。', 7999, 20, '2025-06-15 02:49:57', '2025-06-17 01:10:54', 1, '北歐簡約風', '藍色', 1, 3, 10, 6, 3),
(40, 'VADHOLMA 廚房島組合', 2, '廚房島和收納架組合，提供額外工作空間。', 12999, 10, '2025-06-15 02:49:57', '2025-06-15 20:03:43', 1, '工業復古風', '白色', 1, 7, 10, 2, 8),
(41, 'KUNGSFORS 廚房收納系統組合', 2, '廚房收納系統組合，可自由搭配。', 8999, 15, '2025-06-15 02:49:57', '2025-06-15 20:03:49', 1, '現代極簡風', '灰色', 1, 8, 10, 1, 1),
(42, 'MALM 床架', 3, '簡約設計床架，附收納空間。', 7999, 30, '2025-06-15 02:49:57', '2025-06-15 20:12:35', 1, '北歐簡約風', '原木色', 1, 8, 9, 7, 9),
(43, 'PAX 衣櫃系統', 3, '可自由組合的衣櫃系統，提供多種收納方案。', 15999, 20, '2025-06-15 02:49:57', '2025-06-15 20:12:52', 1, '現代極簡風', '白色, 棕色', 1, 3, 5, 2, 10),
(44, 'HEMNES 床頭櫃', 3, '實木床頭櫃，提供額外收納空間。', 2999, 35, '2025-06-15 02:49:57', '2025-06-15 20:13:15', 1, '北歐簡約風', '黑色', 1, 3, 7, 10, 6),
(45, 'SLÄKT 床墊', 3, '舒適的記憶棉床墊，提供良好支撐。', 8999, 25, '2025-06-15 02:49:57', '2025-06-15 20:13:21', 1, '現代極簡風', '白色', 1, 7, 10, 3, 8),
(46, 'BRIMNES 化妝台', 3, '附鏡子的化妝台，提供充足收納空間。', 3999, 30, '2025-06-15 02:49:57', '2025-06-15 20:12:57', 1, '現代極簡風', '白色', 1, 4, 10, 3, 1),
(47, 'NORDLI 床架', 3, '現代風格床架，附收納空間。', 9999, 25, '2025-06-15 02:49:57', '2025-06-15 20:13:41', 1, '北歐簡約風', '白色, 原木色', 1, 8, 10, 4, 9),
(48, 'PLATSA 衣櫃', 3, '模組化衣櫃，可自由組合。', 6999, 30, '2025-06-15 02:49:57', '2025-06-17 00:22:28', 1, '現代極簡風', '白色', 1, 6, 7, 3, 3),
(49, 'HEMNES 床頭櫃組合', 3, '床頭櫃和收納架組合，提供充足收納空間。', 4999, 25, '2025-06-15 02:49:57', '2025-06-15 20:13:56', 1, '北歐簡約風', '奶油色', 1, 6, 5, 4, 7),
(50, 'SLÄKT 床墊組合', 3, '床墊和床包組合，提供舒適睡眠體驗。', 11999, 20, '2025-06-15 02:49:57', '2025-06-15 20:14:05', 1, '現代極簡風', '白色', 1, 10, 3, 9, 6),
(51, 'BRIMNES 化妝台', 3, '化妝台和收納架組合，提供充足收納空間。', 1800, 25, '2025-06-15 02:49:57', '2025-06-15 20:14:14', 1, '現代極簡風', '淺棕色', 1, 4, 10, 3, 6),
(52, 'NORDLI 床架組合', 3, '床架和床頭櫃組合，提供充足收納空間。', 6499, 20, '2025-06-15 02:49:57', '2025-06-15 20:11:42', 1, '北歐簡約風', '棕色', 1, 7, 1, 8, 4),
(53, 'IDANÄS 衣櫃/衣櫥', 3, '衣櫃和收納架組合，提供充足收納空間。', 8999, 25, '2025-06-15 02:49:57', '2025-06-15 20:11:53', 1, '現代極簡風', '白色', 1, 5, 4, 1, 2),
(54, 'HEMNES 床頭櫃', 3, '床頭櫃和收納架組合，提供充足收納空間。', 1900, 25, '2025-06-15 02:49:57', '2025-06-15 20:12:05', 1, '北歐簡約風', '白色', 1, 1, 5, 10, 7),
(55, 'BRUKSVARA 單人獨立筒彈簧床墊', 3, '床墊和床包組合，提供舒適睡眠體驗。', 3999, 20, '2025-06-15 02:49:57', '2025-06-15 20:11:59', 1, '現代極簡風', '藍色', 1, 1, 5, 5, 10),
(56, ' GRÅFJÄLLET 化妝台', 3, '化妝台和收納架組合，提供充足收納空間。', 2999, 25, '2025-06-15 02:49:57', '2025-06-15 20:12:10', 1, '現代極簡風', '黑色', 1, 10, 10, 5, 6),
(57, 'NORDLI 床架組合', 3, '床架和床頭櫃組合，提供充足收納空間。', 7499, 20, '2025-06-15 02:49:57', '2025-06-15 20:14:23', 1, '北歐簡約風', '棕色', 1, 8, 3, 2, 9),
(58, 'PLATSA 衣櫃組合', 3, '衣櫃和收納架組合，提供充足收納空間。', 20900, 25, '2025-06-15 02:49:57', '2025-06-17 00:43:29', 1, '現代極簡風', '白色', 1, 9, 4, 2, 6),
(59, 'HATTÅSEN 床邊桌/層架組', 3, '床頭櫃和收納架組合，提供充足收納空間。', 599, 25, '2025-06-15 02:49:58', '2025-06-17 01:10:45', 1, '北歐簡約風', '黑色', 1, 1, 1, 3, 6),
(60, 'SLÄKT 床墊', 3, '床墊和床包組合，提供舒適睡眠體驗。', 1999, 20, '2025-06-15 02:49:58', '2025-06-15 20:14:36', 1, '現代極簡風', '白色', 1, 6, 1, 1, 8),
(61, 'BRIMNES 化妝台組合', 3, '化妝台和收納架組合，提供充足收納空間。', 1999, 25, '2025-06-15 02:49:58', '2025-06-15 20:14:43', 1, '現代極簡風', '白色', 1, 7, 2, 2, 2),
(62, 'STUVA 兒童收納櫃', 4, '色彩繽紛的兒童收納櫃，安全圓角設計。', 2999, 35, '2025-06-15 02:49:58', '2025-06-15 20:14:50', 1, '北歐簡約風', '白色', 1, 8, 5, 9, 7),
(63, 'SUNDVIK 兒童床', 4, '可延伸的兒童床，陪伴孩子成長。', 4999, 25, '2025-06-15 02:49:58', '2025-06-15 20:14:54', 1, '現代極簡風', '白色', 1, 8, 10, 8, 8),
(64, 'FLISAT 兒童書櫃', 4, '開放式兒童書櫃，培養收納習慣。', 1999, 40, '2025-06-15 02:49:58', '2025-06-15 20:15:10', 1, '北歐簡約風', '白色, 淺橘色', 1, 6, 4, 2, 9),
(65, 'MAMMUT 兒童桌椅組', 4, '適合兒童使用的桌椅組，安全穩固。', 1499, 50, '2025-06-15 02:49:58', '2025-06-15 20:15:20', 1, '現代極簡風', '白色', 1, 4, 8, 7, 9),
(66, 'BUSUNGE 兒童衣櫃', 4, '兒童專用衣櫃，附掛衣桿和收納空間。', 2999, 30, '2025-06-15 02:49:58', '2025-06-15 20:15:16', 1, '北歐簡約風', '白色', 1, 3, 9, 9, 10),
(67, 'STUVA 兒童床', 4, '可延伸的兒童床，陪伴孩子成長。', 3999, 35, '2025-06-15 02:49:58', '2025-06-15 20:15:43', 1, '北歐簡約風', '原木色', 1, 3, 2, 2, 3),
(68, 'SUNDVIK 兒童書櫃', 4, '開放式兒童書櫃，培養收納習慣。', 2499, 31, '2025-06-15 02:49:58', '2025-06-17 00:28:35', 1, '現代極簡風', '白色', 1, 6, 1, 2, 2),
(69, 'FLISAT 兒童桌椅組', 4, '適合兒童使用的桌椅組，安全穩固。', 1999, 40, '2025-06-15 02:49:58', '2025-06-15 20:15:59', 1, '北歐簡約風', '白色', 1, 8, 9, 3, 10),
(70, 'MAMMUT 兒童衣櫃', 4, '兒童專用衣櫃，附掛衣桿和收納空間。', 3499, 25, '2025-06-15 02:49:58', '2025-06-15 20:16:09', 1, '現代極簡風', '白色, 淺藍色', 1, 1, 2, 1, 6),
(71, 'BUSUNGE 兒童收納櫃', 4, '色彩繽紛的兒童收納櫃，安全圓角設計。', 2499, 35, '2025-06-15 02:49:58', '2025-06-15 20:16:14', 1, '北歐簡約風', '白色', 1, 1, 3, 6, 9),
(72, 'BEKANT 辦公桌', 5, '人體工學辦公桌，可調整高度。', 1890, 30, '2025-06-15 02:49:58', '2025-06-15 20:16:21', 1, '工業復古風', '白色', 1, 2, 9, 6, 7),
(73, 'MARKUS 辦公椅', 5, '符合人體工學的辦公椅，提供良好支撐。', 4999, 40, '2025-06-15 02:49:58', '2025-06-15 20:16:38', 1, '工業復古風', '白色, 黑色', 1, 8, 3, 1, 9),
(74, 'ALEX 抽屜櫃', 5, '辦公收納抽屜櫃，提供充足收納空間。', 2499, 45, '2025-06-15 02:49:58', '2025-06-15 20:16:45', 1, '現代極簡風', '鐵灰色', 1, 2, 1, 6, 1),
(75, 'LÅNESPELARE 電競椅', 5, '專業電競椅，提供舒適支撐。', 5999, 25, '2025-06-15 02:49:58', '2025-06-15 20:16:53', 1, '工業復古風', '灰色', 1, 4, 2, 5, 8),
(76, 'MICKE 書桌', 5, '簡約書桌，附收納空間。', 1999, 50, '2025-06-15 02:49:58', '2025-06-15 20:16:57', 1, '北歐簡約風', '白色', 1, 4, 9, 7, 6),
(77, 'SKUBB 收納盒', 6, '多用途收納盒，可折疊收納。', 299, 100, '2025-06-15 02:49:58', '2025-06-15 20:17:02', 1, '無印自然風', '白色', 1, 9, 7, 1, 5),
(78, 'SAMLA 收納箱', 6, '堅固耐用的收納箱，可堆疊使用。', 399, 80, '2025-06-15 02:49:58', '2025-06-17 00:43:18', 1, '無印自然風', '透明色', 1, 2, 6, 4, 6),
(79, 'TJENA 收納盒', 6, '環保材質收納盒，適合文件收納。', 199, 120, '2025-06-15 02:49:59', '2025-06-17 18:13:29', 1, '無印自然風', '白色配圓點', 0, 4, 1, 6, 5),
(80, 'KUGGIS 收納箱', 6, '可折疊收納箱，節省空間。', 499, 60, '2025-06-15 02:49:59', '2025-06-15 20:17:32', 1, '無印自然風', '白色', 1, 4, 5, 7, 7),
(81, 'SOCKERBIT 收納盒', 6, '多層收納盒，適合小物收納。', 299, 90, '2025-06-15 02:49:59', '2025-06-15 20:17:38', 1, '無印自然風', '白色', 1, 6, 3, 6, 10),
(82, 'MALM 書桌', 5, '簡約設計書桌，附收納空間。', 4999, 30, '2025-06-15 02:49:59', '2025-06-15 20:17:44', 1, '北歐簡約風', '白色', 1, 10, 9, 9, 6),
(83, 'PAX / GRIMO 衣櫃/衣櫥', 3, '模組化衣櫃，提供多種收納方案。', 19000, 20, '2025-06-15 02:49:59', '2025-06-15 20:17:49', 1, '現代極簡風', '白色', 1, 9, 3, 9, 1),
(84, 'BRUKSVARA 床框', 3, '實木床架，提供舒適睡眠。', 5499, 25, '2025-06-15 02:49:59', '2025-06-15 20:17:53', 1, '北歐簡約風', '白色', 1, 5, 10, 4, 8),
(85, 'LACK 茶几', 1, '輕巧實用的茶几，適合各種空間。', 399, 100, '2025-06-15 02:49:59', '2025-06-16 23:45:29', 1, '北歐簡約風', '黑色', 1, 9, 10, 4, 7),
(86, 'POÄNG 扶手椅', 1, '經典設計扶手椅，提供舒適支撐。', 3999, 31, '2025-06-15 02:49:59', '2025-06-17 00:28:30', 1, '北歐簡約風', '深灰色', 1, 7, 10, 7, 8),
(87, 'BRIMNES 電視櫃', 1, '現代風格電視櫃，附收納空間。', 2999, 25, '2025-06-15 02:49:59', '2025-06-15 20:18:18', 1, '現代極簡風', '白色', 1, 7, 9, 3, 9),
(88, 'FRIHETEN 沙發床', 1, '多功能沙發床，可展開作為床使用。', 15999, 15, '2025-06-15 02:49:59', '2025-06-15 20:18:26', 1, '現代極簡風', '深灰色', 1, 6, 4, 3, 9),
(89, 'LÖVBACKEN 茶几', 1, '葉形設計茶几，增添空間趣味。', 1999, 35, '2025-06-15 02:49:59', '2025-06-15 20:18:31', 1, '北歐簡約風', '棕色', 1, 9, 3, 6, 10),
(90, 'STRANDMON 扶手椅', 1, '高背扶手椅，提供舒適支撐。', 5999, 20, '2025-06-15 02:49:59', '2025-06-15 20:19:06', 1, '北歐簡約風', '米黃色, 黑色, 深米黃', 1, 5, 1, 10, 2),
(91, 'STOCKHOLM 2017 茶几', 1, '大理石紋茶几，展現優雅風格。', 1999, 25, '2025-06-15 02:49:59', '2025-06-15 20:19:13', 1, '輕奢設計風', '黑色', 1, 6, 6, 4, 8),
(92, 'VIMLE 沙發', 1, '模組化沙發，可自由組合。', 19999, 15, '2025-06-15 02:49:59', '2025-06-15 20:19:20', 1, '現代極簡風', '棕色', 1, 6, 7, 7, 6),
(93, 'LANDSKRONA 三人座沙發', 1, '寬敞舒適的沙發，適合家庭使用。', 24999, 10, '2025-06-15 02:49:59', '2025-06-15 20:19:52', 1, '現代極簡風', '玫紅色', 1, 3, 8, 3, 3),
(94, 'LIDHULT 沙發', 1, '高品質沙發，提供極致舒適。', 29999, 8, '2025-06-15 02:49:59', '2025-06-15 20:20:18', 1, '輕奢設計風', '灰色, 淺灰, 橘色', 1, 7, 7, 2, 6),
(95, 'NORDLI 床頭櫃', 1, '現代風格床頭櫃，附收納空間。', 2499, 30, '2025-06-15 02:49:59', '2025-06-16 23:42:16', 1, '北歐簡約風', '棕色', 1, 4, 1, 1, 10),
(96, 'HEMNES 電視櫃', 1, '實木電視櫃，提供充足收納空間。', 3999, 20, '2025-06-15 02:49:59', '2025-06-17 00:28:24', 1, '北歐簡約風', '原木色', 1, 8, 2, 10, 3),
(97, 'BRIMNES 電視櫃組合', 1, '模組化電視櫃組合，可自由搭配。', 13750, 20, '2025-06-15 02:50:00', '2025-06-15 20:20:33', 1, '現代極簡風', '白色', 1, 8, 8, 7, 4),
(98, 'KALLAX 層架組合', 1, '多功能層架組合，適合收納和展示。', 2999, 35, '2025-06-15 02:50:00', '2025-06-15 20:20:38', 1, '北歐簡約風', '白色', 1, 6, 3, 3, 9),
(99, 'LACK 層架', 1, '輕巧實用的層架，適合各種空間。', 699, 80, '2025-06-15 02:50:00', '2025-06-15 20:20:43', 1, '北歐簡約風', '白色', 1, 5, 1, 4, 5),
(100, 'BILLY 書櫃', 1, '經典書櫃，可自由組合。', 2499, 45, '2025-06-15 02:50:00', '2025-06-15 20:20:51', 1, '北歐簡約風', '白色', 1, 6, 5, 1, 9),
(101, 'MALM 床架', 3, '簡約設計床架，附收納空間。', 5999, 30, '2025-06-15 02:50:00', '2025-06-15 20:20:57', 1, '北歐簡約風', '白色', 1, 7, 4, 3, 6),
(102, 'PAX 衣櫃系統', 3, '可自由組合的衣櫃系統，提供多種收納方案。', 15999, 20, '2025-06-15 02:50:00', '2025-06-15 20:21:14', 1, '現代極簡風', '深灰色', 1, 3, 2, 2, 5),
(103, 'HEMNES 床頭櫃', 3, '實木床頭櫃，提供額外收納空間。', 1999, 35, '2025-06-15 02:50:00', '2025-06-17 00:26:06', 1, '北歐簡約風', '原木色', 1, 6, 7, 9, 4),
(104, 'SLÄKT 床墊', 3, '舒適的記憶棉床墊，提供良好支撐。', 8999, 25, '2025-06-15 02:50:00', '2025-06-15 20:21:27', 1, '現代極簡風', '藍色', 1, 10, 1, 9, 4),
(105, 'BRIMNES 化妝台', 3, '附鏡子的化妝台，提供充足收納空間。', 3999, 30, '2025-06-15 02:50:00', '2025-06-15 20:21:32', 1, '現代極簡風', '白色', 1, 3, 2, 7, 7),
(106, 'NORDLI 床架', 3, '現代風格床架，附收納空間。', 9999, 25, '2025-06-15 02:50:00', '2025-06-15 20:21:37', 1, '北歐簡約風', '白色', 1, 3, 5, 9, 3),
(107, 'BRIMNES 三門衣櫃/衣櫥', 3, '模組化衣櫃，可自由組合。', 6999, 30, '2025-06-15 02:50:00', '2025-06-15 20:21:47', 1, '現代極簡風', '白色', 1, 4, 10, 2, 6),
(108, 'HEMNES 床頭櫃組合', 3, '床頭櫃和收納架組合，提供充足收納空間。', 4999, 25, '2025-06-15 02:50:00', '2025-06-15 20:21:52', 1, '北歐簡約風', '白色', 1, 1, 6, 4, 9),
(109, 'VITMÅSEN 雙人獨立筒彈簧床墊含乳膠', 3, '床墊和床包組合，提供舒適睡眠體驗。', 14990, 20, '2025-06-15 02:50:00', '2025-06-15 20:22:01', 1, '現代極簡風', '藍色', 1, 2, 9, 2, 5),
(110, 'BRIMNES 化妝台', 3, '化妝台和收納架組合，提供充足收納空間。', 5990, 25, '2025-06-15 02:50:00', '2025-06-15 20:21:42', 1, '現代極簡風', '白色', 1, 9, 4, 10, 9),
(111, 'NORDLI 床架組合', 3, '床架和床頭櫃組合，提供充足收納空間。', 3999, 20, '2025-06-15 02:50:00', '2025-06-15 20:22:06', 1, '北歐簡約風', '原木色', 1, 7, 5, 10, 10),
(112, 'VIHALS 衣櫃/衣櫥組合', 3, '衣櫃和收納架組合，提供充足收納空間。', 11999, 25, '2025-06-15 02:50:00', '2025-06-15 20:22:17', 1, '現代極簡風', '白色', 1, 6, 2, 3, 4),
(113, 'HEMNES 床頭櫃組合', 3, '床頭櫃和收納架組合，提供充足收納空間。', 1999, 25, '2025-06-15 02:50:00', '2025-06-17 00:26:23', 1, '北歐簡約風', '原木色', 1, 8, 5, 1, 8),
(114, 'SLÄKT 床墊', 3, '床墊和床包組合，提供舒適睡眠體驗。', 21999, 20, '2025-06-15 02:50:00', '2025-06-15 20:22:31', 1, '現代極簡風', '橘黃色', 1, 1, 9, 8, 7),
(115, 'BRIMNES 化妝台組合', 3, '化妝台和收納架組合，提供充足收納空間。', 5999, 25, '2025-06-15 02:50:00', '2025-06-15 20:22:36', 1, '現代極簡風', '棕色', 1, 3, 10, 6, 1),
(116, 'NORDLI 床架組合', 3, '床架和床頭櫃組合，提供充足收納空間。', 25999, 20, '2025-06-15 02:50:01', '2025-06-17 20:09:08', -1, '北歐簡約風', '棕色', 1, 10, 3, 5, 1),
(117, 'PAX / FORSAND 衣櫃/衣櫥組合', 3, '衣櫃和收納架組合，提供充足收納空間。', 12999, 25, '2025-06-15 02:50:01', '2025-06-18 02:22:01', 1, '現代極簡風', '白色', 1, 1, 2, 9, 5),
(118, 'HEMNES 床頭櫃組合', 3, '床頭櫃和收納架組合，提供充足收納空間。', 4999, 25, '2025-06-15 02:50:01', '2025-06-15 20:23:11', 1, '北歐簡約風', '棕色', 1, 3, 4, 6, 10),
(119, 'SLÄKT 床墊', 3, '床墊和床包組合，提供舒適睡眠體驗。', 5999, 20, '2025-06-15 02:50:01', '2025-06-15 20:23:18', 1, '現代極簡風', '白色', 1, 1, 10, 5, 6),
(120, 'BRIMNES 化妝台組合', 3, '化妝台和收納架組合，提供充足收納空間。', 5999, 25, '2025-06-15 02:50:01', '2025-06-15 20:22:51', 1, '現代極簡風', '原木色', 1, 8, 10, 6, 7),
(121, 'NORDLI 床架組合', 3, '床架和床頭櫃組合，提供充足收納空間。', 12999, 20, '2025-06-15 02:50:01', '2025-06-15 02:50:01', 1, '北歐簡約風', '灰色', 1, 6, 8, 3, 10),
(122, 'HAUGA 衣櫃/衣櫥組合', 3, '衣櫃和收納架組合，提供充足收納空間。', 15999, 25, '2025-06-15 02:50:01', '2025-06-17 00:08:51', 1, '現代極簡風', '白色', 1, 5, 1, 9, 5),
(123, 'HEMNES 床頭櫃  ', 3, '床頭櫃和收納架組合，提供充足收納空間。', 4999, 25, '2025-06-15 02:50:01', '2025-06-17 00:21:14', 1, '北歐簡約風', '奶油色', 1, 5, 9, 3, 7),
(124, 'VÅGSTRANDA 獨立筒彈簧床墊', 3, '床墊和床包組合，提供舒適睡眠體驗。', 14999, 20, '2025-06-15 02:50:01', '2025-06-17 00:10:54', 1, '現代極簡風', '白色', 1, 10, 1, 8, 8),
(125, 'BRIMNES 化妝台組合', 3, '化妝台和收納架組合，提供充足收納空間。', 15999, 25, '2025-06-15 02:50:01', '2025-06-17 00:03:51', 1, '現代極簡風', '棕色', 1, 7, 10, 9, 8),
(126, 'TONSTAD 床架組合', 3, '床架和床頭櫃組合，提供充足收納空間。', 12999, 20, '2025-06-15 02:50:01', '2025-06-15 02:50:01', 1, '北歐簡約風', '米黃色', 1, 3, 7, 2, 5),
(127, 'PAX/ÅHEIM 衣櫃/衣櫥組合', 3, '衣櫃和收納架組合，提供充足收納空間。', 15750, 2, '2025-06-15 02:50:01', '2025-06-16 23:08:23', 1, '現代極簡風', '白色', 1, 3, 2, 1, 1),
(162, 'q', 1, 'q', 0, 0, '2025-06-17 18:11:12', '2025-06-17 18:13:34', 0, '美式鄉村風', 'a', 0, 4, 9, 10, 10);

-- --------------------------------------------------------

--
-- 資料表結構 `products_category`
--

CREATE TABLE `products_category` (
  `category_id` int(11) NOT NULL,
  `category_name` varchar(30) DEFAULT NULL
) ENGINE=InnoDB DEFAULT CHARSET=utf8mb4 COLLATE=utf8mb4_general_ci;

--
-- 傾印資料表的資料 `products_category`
--

INSERT INTO `products_category` (`category_id`, `category_name`) VALUES
(1, '客廳'),
(2, '餐廳/廚房'),
(3, '臥室'),
(4, '兒童房'),
(5, '辦公空間'),
(6, '收納用品'),
(7, '廚房');

-- --------------------------------------------------------

--
-- 資料表結構 `product_colors`
--

CREATE TABLE `product_colors` (
  `product_id` int(11) NOT NULL,
  `color_id` int(11) NOT NULL
) ENGINE=InnoDB DEFAULT CHARSET=utf8mb4 COLLATE=utf8mb4_general_ci;

--
-- 傾印資料表的資料 `product_colors`
--

INSERT INTO `product_colors` (`product_id`, `color_id`) VALUES
(1, 2),
(1, 5),
(1, 9),
(2, 1),
(2, 4),
(2, 10),
(3, 2),
(3, 3),
(3, 6),
(3, 8),
(4, 2),
(4, 7),
(4, 10),
(5, 1),
(5, 3),
(5, 8),
(6, 2),
(6, 4),
(6, 6),
(6, 7),
(7, 5),
(7, 6),
(7, 7),
(7, 9),
(8, 1),
(8, 2),
(8, 3),
(8, 8),
(8, 10),
(9, 2),
(9, 5),
(9, 7),
(10, 2),
(10, 4),
(10, 6),
(10, 7),
(10, 8),
(11, 1),
(11, 5),
(11, 7),
(11, 9),
(12, 3),
(12, 4),
(12, 5),
(12, 10),
(13, 2),
(13, 4),
(13, 7),
(13, 10),
(14, 6),
(14, 8),
(14, 9),
(15, 1),
(15, 2),
(15, 4),
(15, 10),
(16, 3),
(16, 6),
(16, 7),
(16, 8),
(17, 1),
(17, 2),
(17, 5),
(17, 6),
(17, 8),
(18, 1),
(18, 3),
(18, 4),
(18, 9),
(19, 3),
(19, 4),
(19, 6),
(19, 10),
(20, 2),
(20, 7),
(20, 8),
(20, 10),
(21, 1),
(21, 3),
(21, 5),
(21, 9),
(22, 3),
(22, 4),
(22, 10),
(23, 2),
(23, 6),
(23, 8),
(24, 1),
(24, 2),
(24, 7),
(24, 9),
(25, 2),
(25, 3),
(25, 5),
(25, 10),
(26, 2),
(26, 4),
(26, 8),
(26, 10),
(27, 1),
(27, 6),
(27, 7),
(27, 9),
(28, 1),
(28, 3),
(28, 7),
(28, 10),
(29, 2),
(29, 5),
(29, 6),
(29, 7),
(29, 8),
(30, 4),
(30, 6),
(30, 9),
(31, 2),
(32, 9),
(33, 10),
(34, 2),
(34, 5),
(35, 10),
(36, 5),
(37, 1),
(38, 3),
(39, 10),
(40, 3),
(40, 10),
(41, 3),
(41, 10),
(42, 2),
(42, 9),
(43, 5),
(44, 7),
(44, 9),
(45, 10),
(46, 10),
(47, 10),
(48, 7),
(49, 5),
(50, 3),
(51, 10),
(52, 1),
(53, 4),
(53, 10),
(54, 2),
(54, 5),
(55, 4),
(55, 5),
(56, 10),
(57, 3),
(57, 9),
(58, 4),
(59, 1),
(60, 1),
(61, 2),
(61, 9),
(62, 5),
(63, 9),
(63, 10),
(64, 4),
(65, 8),
(66, 9),
(67, 2),
(68, 1),
(69, 9),
(70, 2),
(70, 7),
(71, 3),
(72, 9),
(73, 3),
(74, 1),
(74, 7),
(75, 2),
(76, 9),
(77, 7),
(78, 1),
(78, 6),
(79, 1),
(80, 4),
(80, 5),
(81, 3),
(82, 9),
(83, 3),
(84, 10),
(85, 10),
(86, 10),
(87, 9),
(88, 4),
(88, 7),
(89, 3),
(90, 1),
(90, 9),
(91, 6),
(92, 6),
(92, 7),
(93, 7),
(93, 8),
(94, 7),
(95, 1),
(96, 2),
(96, 8),
(97, 8),
(98, 3),
(99, 1),
(100, 5),
(101, 4),
(102, 2),
(103, 7),
(103, 8),
(104, 1),
(105, 2),
(106, 5),
(107, 8),
(107, 10),
(108, 1),
(108, 6),
(109, 9),
(110, 4),
(110, 10),
(111, 5),
(111, 9),
(112, 2),
(113, 5),
(114, 9),
(115, 10),
(116, 3),
(117, 2),
(117, 5),
(118, 4),
(119, 1),
(119, 10),
(120, 10),
(121, 8),
(122, 1),
(123, 9),
(124, 1),
(125, 10),
(126, 7),
(127, 2),
(162, 9);

-- --------------------------------------------------------

--
-- 資料表結構 `product_img`
--

CREATE TABLE `product_img` (
  `id` int(11) NOT NULL,
  `product_id` int(11) NOT NULL,
  `img` varchar(500) DEFAULT NULL
) ENGINE=InnoDB DEFAULT CHARSET=utf8mb4 COLLATE=utf8mb4_general_ci;

--
-- 傾印資料表的資料 `product_img`
--

INSERT INTO `product_img` (`id`, `product_id`, `img`) VALUES
(1, 1, '1749927241.jpg'),
(2, 1, '1749927235.jpg'),
(3, 1, '1749927236.jpg'),
(4, 1, '1749927237.jpg'),
(5, 4, '1749927476.jpg'),
(6, 4, '1749927465.jpg'),
(7, 5, '1749928469.jpg'),
(8, 5, '1749928461.jpg'),
(9, 5, '1749928462.jpg'),
(10, 5, '1749928463.jpg'),
(11, 5, '1749928464.jpg'),
(12, 5, '1749928465.jpg'),
(15, 10, '1749930374.jpg'),
(16, 10, '1749930283.jpg'),
(17, 10, '1749930284.jpg'),
(18, 7, '1749930430.jpg'),
(19, 7, '1749930424.jpg'),
(20, 8, '1749930592.jpeg'),
(21, 8, '1749930536.jpg'),
(29, 3, '1749931025.jpg'),
(30, 3, '1749930958.jpg'),
(31, 3, '1749930959.jpg'),
(32, 3, '1749930960.jpg'),
(33, 3, '1749930961.jpg'),
(34, 3, '1749930962.jpg'),
(35, 3, '1749930963.jpg'),
(36, 2, '1749931174.jpg'),
(37, 2, '1749931169.jpg'),
(38, 2, '1749931170.jpg'),
(39, 2, '1749931171.jpg'),
(40, 11, '1749931346.jpeg'),
(41, 11, '1749931315.jpg'),
(42, 11, '1749931316.jpg'),
(43, 11, '1749931317.jpg'),
(44, 11, '1749931318.jpg'),
(45, 13, '1749931657.jpg'),
(46, 13, '1749931649.jpg'),
(47, 94, '1749932158.jpg'),
(48, 94, '1749932152.jpg'),
(49, 94, '1749932153.jpg'),
(50, 94, '1749932154.jpg'),
(51, 20, '1749932774.jpg'),
(52, 20, '1749932757.jpg'),
(53, 20, '1749932758.jpg'),
(54, 20, '1749932759.jpg'),
(55, 20, '1749932762.jpg'),
(56, 14, '1749932823.jpg'),
(57, 14, '1749932818.jpg'),
(58, 14, '1749932819.jpg'),
(59, 14, '1749932820.jpg'),
(60, 14, '1749932821.jpg'),
(61, 19, '1749932855.jpg'),
(62, 19, '1749932851.jpg'),
(63, 15, '1749932894.jpg'),
(64, 15, '1749932889.jpg'),
(65, 15, '1749932890.jpg'),
(66, 15, '1749932891.jpg'),
(67, 31, '1749933552.jpg'),
(68, 31, '1749933548.jpg'),
(69, 12, '1749962636.jpg'),
(70, 12, '1749962630.jpg'),
(71, 12, '1749962631.jpg'),
(72, 16, '1749966048.jpg'),
(73, 16, '1749966043.jpg'),
(74, 16, '1749966044.jpg'),
(75, 16, '1749966045.jpg'),
(76, 16, '1749966046.jpg'),
(77, 17, '1749966140.jpg'),
(78, 17, '1749966135.jpg'),
(79, 17, '1749966136.jpg'),
(80, 17, '1749966137.jpg'),
(81, 18, '1749966215.jpg'),
(82, 18, '1749966209.jpg'),
(83, 18, '1749966210.jpg'),
(84, 18, '1749966211.jpg'),
(85, 68, '1749966568.jpeg'),
(86, 68, '1749966332.jpg'),
(87, 68, '1749966333.jpg'),
(88, 68, '1749966334.jpg'),
(89, 68, '1749966335.jpg'),
(90, 64, '1749966500.jpg'),
(91, 64, '1749966495.jpg'),
(92, 64, '1749966496.jpg'),
(93, 64, '1749966497.jpg'),
(94, 64, '1749966498.jpg'),
(95, 63, '1749966602.jpg'),
(96, 63, '1749966598.jpg'),
(97, 63, '1749966599.jpg'),
(98, 63, '1749966600.jpg'),
(99, 62, '1749966813.jpg'),
(100, 62, '1749966623.jpg'),
(101, 62, '1749966807.jpg'),
(102, 62, '1749966808.jpg'),
(103, 62, '1749966809.jpg'),
(104, 62, '1749966810.jpg'),
(105, 66, '1749966936.jpg'),
(106, 66, '1749966932.jpg'),
(107, 61, '1749967168.jpeg'),
(108, 61, '1749967101.jpg'),
(109, 61, '1749967102.jpg'),
(110, 61, '1749967103.jpg'),
(111, 61, '1749967104.jpg'),
(112, 67, '1749967239.jpg'),
(113, 67, '1749967235.jpg'),
(114, 67, '1749967236.jpg'),
(115, 67, '1749967237.jpg'),
(116, 69, '1749967294.jpg'),
(117, 69, '1749967290.jpg'),
(118, 65, '1749967374.jpg'),
(119, 65, '1749967369.jpg'),
(120, 65, '1749967370.jpg'),
(121, 65, '1749967371.jpg'),
(122, 65, '1749967372.jpg'),
(123, 65, '1749967373.jpg'),
(124, 70, '1749967442.jpg'),
(125, 70, '1749967438.jpg'),
(126, 70, '1749967439.jpg'),
(127, 70, '1749967440.jpg'),
(128, 71, '1749967512.jpg'),
(129, 71, '1749967508.jpg'),
(130, 71, '1749967509.jpg'),
(131, 72, '1749967643.jpg'),
(132, 72, '1749967631.jpg'),
(133, 72, '1749967632.jpg'),
(134, 72, '1749967633.jpg'),
(135, 72, '1749967634.jpg'),
(136, 72, '1749967635.jpg'),
(137, 72, '1749967636.jpg'),
(138, 72, '1749967637.jpg'),
(139, 75, '1749967674.jpg'),
(140, 75, '1749967669.jpg'),
(141, 75, '1749967670.jpg'),
(142, 75, '1749967671.jpg'),
(143, 75, '1749967672.jpg'),
(144, 75, '1749967673.jpg'),
(145, 75, '1749967674.jpg'),
(146, 75, '1749967675.jpg'),
(147, 75, '1749967676.jpg'),
(148, 75, '1749967677.jpg'),
(149, 75, '1749967678.jpg'),
(150, 75, '1749967679.jpg'),
(151, 74, '1749967783.jpg'),
(152, 74, '1749967774.jpg'),
(153, 74, '1749967775.jpg'),
(154, 74, '1749967778.jpg'),
(155, 73, '1749967810.jpg'),
(156, 73, '1749967805.jpg'),
(157, 73, '1749967806.jpg'),
(158, 73, '1749967807.jpg'),
(159, 73, '1749967808.jpg'),
(160, 73, '1749967809.jpg'),
(161, 73, '1749967810.jpg'),
(162, 73, '1749967811.jpg'),
(163, 82, '1749967846.jpg'),
(164, 82, '1749967841.jpg'),
(165, 82, '1749967842.jpg'),
(166, 82, '1749967843.jpg'),
(167, 82, '1749967844.jpg'),
(168, 76, '1749967963.jpg'),
(169, 76, '1749967959.jpg'),
(170, 76, '1749967960.jpg'),
(171, 76, '1749967961.jpg'),
(172, 77, '1749968044.jpeg'),
(173, 77, '1749967991.jpg'),
(174, 77, '1749967992.jpg'),
(175, 79, '1749968153.jpeg'),
(176, 79, '1749968073.jpg'),
(177, 79, '1749968074.jpg'),
(178, 79, '1749968075.jpg'),
(179, 78, '1749968330.jpg'),
(180, 78, '1749968326.jpg'),
(181, 78, '1749968327.jpg'),
(182, 78, '1749968328.jpg'),
(183, 80, '1749968356.jpg'),
(184, 80, '1749968350.jpg'),
(185, 80, '1749968351.jpg'),
(186, 80, '1749968352.jpg'),
(187, 81, '1749968404.jpg'),
(188, 81, '1749968394.jpg'),
(189, 81, '1749968395.jpg'),
(190, 81, '1749968396.jpg'),
(191, 81, '1749968398.jpg'),
(192, 50, '1749968489.jpg'),
(193, 50, '1749968483.jpg'),
(194, 50, '1749968484.jpg'),
(195, 50, '1749968485.jpg'),
(196, 50, '1749968486.jpg'),
(197, 50, '1749968487.jpg'),
(198, 50, '1749968488.jpg'),
(199, 50, '1749968489.jpg'),
(200, 50, '1749968490.jpg'),
(201, 50, '1749968491.jpg'),
(202, 45, '1749968536.jpg'),
(203, 45, '1749968530.jpg'),
(204, 45, '1749968531.jpg'),
(205, 45, '1749968532.jpg'),
(206, 45, '1749968533.jpg'),
(207, 45, '1749968534.jpg'),
(208, 45, '1749968535.jpg'),
(209, 45, '1749968536.jpg'),
(210, 45, '1749968537.jpg'),
(211, 45, '1749968538.jpg'),
(212, 45, '1749968539.jpg'),
(213, 45, '1749968540.jpg'),
(214, 48, '1749968696.jpg'),
(215, 48, '1749968691.jpg'),
(216, 44, '1749968779.jpg'),
(217, 44, '1749968775.jpg'),
(218, 44, '1749968776.jpg'),
(219, 44, '1749968777.jpg'),
(220, 43, '1749968802.jpg'),
(221, 43, '1749968798.jpg'),
(222, 43, '1749968799.jpg'),
(223, 42, '1749968847.jpg'),
(224, 42, '1749968820.jpg'),
(225, 42, '1749968821.jpg'),
(226, 42, '1749968822.jpg'),
(227, 42, '1749968823.jpg'),
(228, 42, '1749968825.jpg'),
(229, 42, '1749968826.jpg'),
(230, 42, '1749968827.jpg'),
(231, 47, '1749968884.jpg'),
(232, 47, '1749968867.jpg'),
(233, 47, '1749968868.jpg'),
(234, 47, '1749968876.jpg'),
(235, 49, '1749968984.jpg'),
(236, 49, '1749968972.jpg'),
(237, 49, '1749968976.jpg'),
(238, 46, '1749969072.jpg'),
(239, 46, '1749969067.jpg'),
(240, 46, '1749969068.jpg'),
(241, 46, '1749969069.jpg'),
(242, 41, '1749969203.jpeg'),
(243, 24, '1749969244.jpg'),
(244, 24, '1749969231.jpg'),
(245, 24, '1749969232.jpg'),
(246, 24, '1749969233.jpg'),
(247, 24, '1749969239.jpg'),
(248, 24, '1749969240.jpg'),
(249, 26, '1749969288.jpg'),
(250, 26, '1749969276.jpg'),
(251, 26, '1749969281.jpg'),
(252, 26, '1749969282.jpg'),
(253, 26, '1749969283.jpg'),
(254, 26, '1749969284.jpg'),
(255, 26, '1749969285.jpg'),
(256, 21, '1749969380.jpg'),
(257, 21, '1749969376.jpg'),
(258, 21, '1749969377.jpg'),
(259, 21, '1749969378.jpg'),
(260, 27, '1749969465.jpg'),
(261, 27, '1749969460.jpg'),
(262, 27, '1749969461.jpg'),
(265, 23, '1749969559.jpg'),
(266, 23, '1749969555.jpg'),
(267, 23, '1749969556.jpg'),
(268, 23, '1749969557.jpg'),
(269, 28, '1749969614.jpg'),
(270, 28, '1749969604.jpg'),
(271, 28, '1749969605.jpg'),
(272, 28, '1749969606.jpg'),
(273, 28, '1749969609.jpg'),
(274, 28, '1749969610.jpg'),
(275, 25, '1749969728.jpg'),
(276, 25, '1749969725.jpg'),
(277, 30, '1749969797.jpeg'),
(278, 30, '1749969748.jpg'),
(279, 30, '1749969749.jpg'),
(280, 30, '1749969750.jpg'),
(281, 29, '1749969877.jpg'),
(282, 29, '1749969873.jpg'),
(283, 38, '1749969971.jpg'),
(284, 38, '1749969963.jpg'),
(285, 38, '1749969964.jpg'),
(286, 38, '1749969965.jpg'),
(287, 38, '1749969966.jpg'),
(288, 35, '1749970084.jpg'),
(289, 35, '1749970079.jpg'),
(290, 35, '1749970080.jpg'),
(291, 35, '1749970081.jpg'),
(292, 35, '1749970082.jpg'),
(293, 35, '1749970083.jpg'),
(294, 37, '1749970178.jpg'),
(295, 37, '1749970175.jpg'),
(296, 37, '1749970176.jpg'),
(297, 34, '1749970250.jpeg'),
(298, 34, '1749970204.jpg'),
(299, 34, '1749970205.jpg'),
(300, 34, '1749970206.jpg'),
(301, 34, '1749970207.jpg'),
(302, 39, '1749970379.jpeg'),
(303, 39, '1749970357.jpg'),
(304, 39, '1749970358.jpg'),
(305, 39, '1749970359.jpg'),
(306, 36, '1749970455.jpg'),
(307, 36, '1749970451.jpg'),
(308, 33, '1749970585.jpg'),
(309, 33, '1749970581.jpg'),
(310, 32, '1749970725.jpg'),
(311, 32, '1749970722.jpg'),
(312, 40, '1749970801.jpg'),
(313, 40, '1749970797.jpg'),
(314, 40, '1749970798.jpg'),
(315, 54, '1749970912.jpg'),
(316, 54, '1749970893.jpg'),
(317, 54, '1749970894.jpg'),
(318, 51, '1749970982.jpg'),
(319, 51, '1749970976.jpg'),
(320, 51, '1749970977.jpg'),
(321, 51, '1749970978.jpg'),
(322, 52, '1749971117.jpg'),
(323, 52, '1749971112.jpg'),
(324, 52, '1749971113.jpg'),
(325, 52, '1749971114.jpg'),
(326, 57, '1749971405.jpg'),
(327, 57, '1749971401.jpg'),
(328, 57, '1749971402.jpg'),
(329, 60, '1749971514.jpg'),
(330, 60, '1749971501.jpg'),
(331, 55, '1749971598.jpg'),
(332, 55, '1749971581.jpg'),
(333, 55, '1749971582.jpg'),
(334, 55, '1749971583.jpg'),
(335, 59, '1749971686.jpg'),
(336, 59, '1749971667.jpg'),
(337, 59, '1749971668.jpg'),
(338, 59, '1749971669.jpg'),
(339, 59, '1749971670.jpg'),
(340, 59, '1749971671.jpg'),
(341, 53, '1749971807.jpg'),
(342, 53, '1749971793.jpg'),
(343, 53, '1749971794.jpg'),
(344, 53, '1749971795.jpg'),
(345, 53, '1749971796.jpg'),
(346, 53, '1749971797.jpg'),
(347, 53, '1749971798.jpg'),
(348, 56, '1749971879.jpg'),
(349, 56, '1749971869.jpg'),
(350, 56, '1749971870.jpg'),
(351, 58, '1749971983.jpg'),
(352, 58, '1749971975.jpg'),
(353, 84, '1749972116.jpg'),
(354, 84, '1749972103.jpg'),
(355, 83, '1749972215.jpg'),
(356, 83, '1749972192.jpg'),
(357, 83, '1749972193.jpg'),
(358, 86, '1749972246.jpg'),
(359, 86, '1749972241.jpg'),
(360, 86, '1749972242.jpg'),
(361, 86, '1749972243.jpg'),
(362, 86, '1749972244.jpg'),
(363, 86, '1749972245.jpg'),
(364, 86, '1749972246.jpg'),
(371, 87, '1749972422.jpg'),
(372, 87, '1749972417.jpg'),
(373, 87, '1749972418.jpg'),
(374, 87, '1749972419.jpg'),
(375, 87, '1749972420.jpg'),
(376, 88, '1749972452.jpg'),
(377, 88, '1749972447.jpg'),
(378, 88, '1749972448.jpg'),
(379, 88, '1749972449.jpg'),
(380, 88, '1749972450.jpg'),
(381, 88, '1749972451.jpg'),
(382, 88, '1749972452.jpg'),
(383, 88, '1749972453.jpg'),
(384, 88, '1749972454.jpg'),
(385, 88, '1749972455.jpg'),
(386, 88, '1749972456.jpg'),
(387, 88, '1749972457.jpg'),
(388, 85, '1749972476.jpg'),
(389, 85, '1749972471.jpg'),
(390, 85, '1749972472.jpg'),
(391, 85, '1749972473.jpg'),
(392, 85, '1749972474.jpg'),
(393, 85, '1749972475.jpg'),
(394, 85, '1749972476.jpg'),
(395, 89, '1749972503.jpg'),
(396, 89, '1749972498.jpg'),
(397, 89, '1749972499.jpg'),
(398, 89, '1749972500.jpg'),
(399, 89, '1749972501.jpg'),
(400, 89, '1749972502.jpg'),
(401, 89, '1749972503.jpg'),
(402, 90, '1749972613.jpg'),
(403, 90, '1749972608.jpg'),
(404, 90, '1749972609.jpg'),
(405, 90, '1749972610.jpg'),
(406, 90, '1749972611.jpg'),
(407, 90, '1749972612.jpg'),
(408, 91, '1749972714.jpg'),
(409, 91, '1749972710.jpg'),
(410, 91, '1749972711.jpg'),
(411, 91, '1749972712.jpg'),
(412, 91, '1749972713.jpg'),
(413, 92, '1749972758.jpg'),
(414, 92, '1749972752.jpg'),
(415, 92, '1749972753.jpg'),
(416, 92, '1749972754.jpg'),
(417, 92, '1749972755.jpg'),
(418, 92, '1749972756.jpg'),
(419, 93, '1749972942.jpg'),
(420, 93, '1749972926.jpg'),
(421, 93, '1749972927.jpg'),
(422, 93, '1749972928.jpg'),
(423, 93, '1749972929.jpg'),
(424, 93, '1749972930.jpg'),
(425, 100, '1749972982.jpg'),
(426, 100, '1749972975.jpg'),
(427, 100, '1749972976.jpg'),
(428, 100, '1749972977.jpg'),
(429, 100, '1749972978.jpg'),
(430, 100, '1749972979.jpg'),
(431, 100, '1749972980.jpg'),
(432, 100, '1749972981.jpg'),
(433, 100, '1749972982.jpg'),
(434, 100, '1749972983.jpg'),
(435, 97, '1749973064.jpg'),
(436, 97, '1749973049.jpg'),
(437, 97, '1749973050.jpg'),
(438, 97, '1749973051.jpg'),
(439, 97, '1749973052.jpg'),
(440, 96, '1749973132.jpg'),
(441, 96, '1749973128.jpg'),
(442, 96, '1749973129.jpg'),
(443, 96, '1749973130.jpg'),
(444, 95, '1749973209.jpg'),
(445, 95, '1749973203.jpg'),
(446, 98, '1749973276.jpg'),
(447, 98, '1749973273.jpg'),
(448, 98, '1749973274.jpg'),
(449, 98, '1749973275.jpg'),
(450, 99, '1749973391.jpg'),
(451, 99, '1749973387.jpg'),
(452, 99, '1749973388.jpg'),
(453, 99, '1749973389.jpg'),
(454, 99, '1749973390.jpg'),
(455, 103, '1749973455.jpg'),
(456, 103, '1749973450.jpg'),
(457, 103, '1749973451.jpg'),
(458, 103, '1749973452.jpg'),
(459, 103, '1749973453.jpg'),
(460, 103, '1749973454.jpg'),
(461, 103, '1749973455.jpg'),
(462, 108, '1749973527.jpg'),
(463, 108, '1749973520.jpg'),
(464, 108, '1749973521.jpg'),
(465, 102, '1749973602.jpg'),
(466, 102, '1749973598.jpg'),
(467, 102, '1749973599.jpg'),
(468, 102, '1749973600.jpg'),
(469, 101, '1749973696.jpg'),
(470, 101, '1749973688.jpg'),
(471, 101, '1749973689.jpg'),
(472, 101, '1749973690.jpg'),
(473, 104, '1749973724.jpg'),
(474, 104, '1749973719.jpg'),
(475, 104, '1749973720.jpg'),
(476, 104, '1749973721.jpg'),
(477, 106, '1749973864.jpeg'),
(478, 106, '1749973750.jpg'),
(479, 106, '1749973751.jpg'),
(480, 106, '1749973752.jpg'),
(481, 106, '1749973753.jpg'),
(482, 107, '1749973945.jpg'),
(483, 107, '1749973934.jpg'),
(484, 107, '1749973935.jpg'),
(485, 107, '1749973936.jpg'),
(486, 107, '1749973937.jpg'),
(487, 105, '1749974003.jpg'),
(488, 105, '1749973995.jpg'),
(489, 105, '1749973996.jpg'),
(490, 105, '1749973997.jpg'),
(491, 105, '1749973998.jpg'),
(492, 109, '1749974096.jpg'),
(493, 109, '1749974079.jpg'),
(494, 109, '1749974080.jpg'),
(495, 109, '1749974081.jpg'),
(496, 109, '1749974082.jpg'),
(497, 109, '1749974083.jpg'),
(498, 110, '1749974186.jpg'),
(499, 110, '1749974180.jpg'),
(500, 110, '1749974181.jpg'),
(501, 110, '1749974182.jpg'),
(502, 111, '1749974290.jpg'),
(503, 111, '1749974272.jpg'),
(504, 111, '1749974273.jpg'),
(505, 111, '1749974274.jpg'),
(506, 111, '1749974277.jpg'),
(507, 111, '1749974278.jpg'),
(508, 112, '1749974369.jpg'),
(509, 112, '1749974353.jpg'),
(510, 112, '1749974354.jpg'),
(511, 112, '1749974355.jpg'),
(512, 114, '1749974491.jpeg'),
(513, 114, '1749974456.jpg'),
(514, 114, '1749974457.jpg'),
(515, 114, '1749974458.jpg'),
(516, 114, '1749974459.jpg'),
(517, 119, '1749974579.jpg'),
(518, 119, '1749974569.jpg'),
(519, 119, '1749974570.jpg'),
(520, 119, '1749974571.jpg'),
(521, 124, '1749974719.jpg'),
(522, 124, '1749974704.jpg'),
(523, 124, '1749974705.jpg'),
(524, 124, '1749974706.jpg'),
(525, 122, '1749974825.jpg'),
(526, 122, '1749974834.jpg'),
(527, 122, '1749974835.jpg'),
(528, 127, '1749974876.jpg'),
(529, 127, '1749974857.jpg'),
(530, 117, '1749974966.jpg'),
(531, 117, '1749974956.jpg'),
(532, 117, '1749974957.jpg'),
(533, 115, '1749975173.jpg'),
(534, 115, '1749975169.jpg'),
(535, 115, '1749975170.jpg'),
(536, 120, '1749975282.jpg'),
(537, 120, '1749975278.jpg'),
(538, 113, '1749975376.jpg'),
(543, 118, '1749975657.jpg'),
(544, 118, '1749975652.jpg'),
(545, 126, '1749975770.jpg'),
(546, 121, '1749975791.jpg'),
(547, 125, '1749975977.jpg'),
(548, 125, '1749975972.jpg'),
(549, 125, '1749975973.jpg'),
(550, 125, '1749975974.jpg'),
(551, 125, '1749975975.jpg'),
(552, 125, '1749975976.jpg'),
(553, 125, '1749975977.jpg'),
(554, 123, '1749976291.jpg'),
(555, 116, '1749976636.jpg'),
(556, 116, '1749976629.jpg'),
(557, 116, '1749976630.jpg'),
(558, 116, '1749976631.jpg'),
(559, 116, '1749976632.jpg'),
(560, 116, '1749976633.jpg'),
(561, 116, '1749976634.jpg'),
(562, 22, '1749976876.jpg'),
(563, 22, '1749976857.jpg'),
(564, 22, '1749976858.jpg'),
(565, 22, '1749976859.jpg'),
(566, 22, '1749976860.jpg'),
(567, 22, '1749976861.jpg'),
(568, 22, '1749976862.jpg'),
(569, 22, '1749976863.jpg'),
(570, 22, '1749976864.jpg'),
(571, 9, '1749977307.jpg'),
(572, 9, '1749977302.jpg'),
(573, 9, '1749977303.jpg'),
(574, 9, '1749977304.jpg'),
(575, 6, '1749977664.jpeg'),
(576, 6, '1749977626.jpg'),
(577, 6, '1749977627.jpg'),
(578, 6, '1749977628.jpg'),
(613, 162, '1750155072.jpeg');

-- --------------------------------------------------------

--
-- 資料表結構 `product_sizes`
--

CREATE TABLE `product_sizes` (
  `product_id` int(11) NOT NULL,
  `size_id` int(11) NOT NULL
) ENGINE=InnoDB DEFAULT CHARSET=utf8mb4 COLLATE=utf8mb4_general_ci;

--
-- 傾印資料表的資料 `product_sizes`
--

INSERT INTO `product_sizes` (`product_id`, `size_id`) VALUES
(1, 7),
(2, 4),
(3, 7),
(4, 3),
(4, 4),
(5, 8),
(6, 8),
(7, 5),
(8, 9),
(9, 10),
(10, 5),
(11, 2),
(12, 5),
(13, 9),
(14, 7),
(15, 1),
(16, 2),
(17, 5),
(18, 8),
(19, 8),
(20, 2),
(21, 4),
(22, 9),
(23, 3),
(24, 6),
(25, 10),
(26, 1),
(27, 4),
(28, 9),
(29, 3),
(30, 4),
(30, 7),
(31, 2),
(31, 4),
(32, 6),
(33, 7),
(34, 9),
(35, 10),
(36, 5),
(37, 3),
(38, 2),
(39, 10),
(40, 2),
(41, 9),
(42, 9),
(43, 8),
(44, 1),
(44, 7),
(45, 10),
(46, 9),
(47, 5),
(48, 5),
(49, 2),
(50, 1),
(51, 2),
(52, 3),
(53, 1),
(54, 3),
(55, 3),
(55, 9),
(56, 4),
(56, 7),
(57, 3),
(58, 2),
(59, 10),
(60, 3),
(61, 7),
(62, 8),
(62, 10),
(63, 7),
(63, 10),
(64, 2),
(65, 3),
(65, 8),
(66, 6),
(67, 1),
(67, 3),
(68, 6),
(69, 2),
(69, 4),
(70, 1),
(71, 6),
(72, 9),
(73, 1),
(73, 6),
(74, 4),
(75, 2),
(76, 6),
(77, 9),
(78, 4),
(79, 1),
(80, 2),
(81, 9),
(82, 3),
(83, 3),
(84, 5),
(85, 8),
(86, 4),
(87, 3),
(88, 5),
(89, 7),
(90, 6),
(91, 10),
(92, 2),
(93, 8),
(94, 4),
(95, 5),
(96, 1),
(96, 6),
(97, 2),
(97, 6),
(98, 8),
(99, 1),
(99, 4),
(100, 2),
(101, 4),
(102, 3),
(103, 4),
(104, 1),
(105, 2),
(106, 6),
(107, 5),
(108, 4),
(109, 7),
(110, 3),
(111, 1),
(111, 5),
(112, 2),
(113, 2),
(113, 5),
(114, 7),
(115, 2),
(116, 6),
(117, 6),
(118, 2),
(119, 2),
(120, 4),
(121, 1),
(122, 5),
(123, 1),
(124, 9),
(125, 2),
(126, 1),
(127, 1),
(162, 4);

-- --------------------------------------------------------

--
-- 資料表結構 `reviews`
--

CREATE TABLE `reviews` (
  `id` int(11) NOT NULL,
  `user_id` int(11) NOT NULL,
  `product_id` int(11) NOT NULL,
  `rating` int(11) NOT NULL CHECK (`rating` >= 1 and `rating` <= 5),
  `comment` text NOT NULL,
  `user_name` varchar(100) DEFAULT NULL,
  `email` varchar(255) DEFAULT NULL,
  `avatar` varchar(255) DEFAULT NULL,
  `created_at` timestamp NOT NULL DEFAULT current_timestamp(),
  `reviews_img` text DEFAULT NULL
) ENGINE=InnoDB DEFAULT CHARSET=utf8mb4 COLLATE=utf8mb4_general_ci;

--
-- 傾印資料表的資料 `reviews`
--

INSERT INTO `reviews` (`id`, `user_id`, `product_id`, `rating`, `comment`, `user_name`, `email`, `avatar`, `created_at`, `reviews_img`) VALUES
(1, 1, 1, 5, '這張桌子真的很棒！尺寸剛好，清潔起來也很方便。設計簡潔美觀，放在客廳很適合。組裝也很簡單，一個人就能完成。', '安妮', 'zhang.xiaoming@gmail.com', 'https://i.pravatar.cc/150?u=annie', '2024-01-15 02:30:00', NULL),
(2, 2, 1, 4, '品質很好，穩定性佳。雖然組裝有點複雜，但說明書很清楚。顏色和質感都很棒，值得推薦！', '張大名', 'li.meihua@yahoo.com', 'https://i.pravatar.cc/150?u=zhang', '2024-01-10 06:20:00', NULL),
(3, 3, 1, 5, '很喜歡這個設計，簡約但不失質感。組裝過程順利，客服也很貼心。整體來說很滿意！', '琪琪', 'wang.dawei@hotmail.com', 'https://i.pravatar.cc/150?u=kiki', '2023-12-28 08:45:00', NULL),
(4, 4, 1, 3, '桌子本身還不錯，但包裝有些小瑕疵。使用起來沒問題，就是收到時有點失望。', '小明', 'chen.xiaofang@163.com', 'https://i.pravatar.cc/150?u=ming', '2023-12-20 01:15:00', NULL),
(5, 5, 1, 5, '超級滿意！質感比預期的還要好，而且運送很快。已經推薦給朋友了。', '莉莉', 'lin.zhiqiang@outlook.com', 'https://i.pravatar.cc/150?u=lily', '2023-12-18 12:30:00', NULL),
(6, 6, 1, 4, '整體來說很不錯，CP值很高。唯一的小缺點是顏色和網站照片有一點點差異，但不影響使用。', '阿強', 'huang.shuling@gmail.com', 'https://i.pravatar.cc/150?u=strong', '2023-12-10 03:20:00', NULL),
(7, 7, 1, 5, '朋友推薦的，果然沒讓我失望！桌面很穩固，高度也剛好。會再次購買其他產品。', '美美', 'wu.jianguo@qq.com', 'https://i.pravatar.cc/150?u=mei', '2023-12-05 05:40:00', NULL),
(8, 8, 1, 2, '收到的商品有些刮痕，雖然客服有處理，但還是有點影響心情。品質有待加強。', '大雄', 'liu.yating@sina.com', 'https://i.pravatar.cc/150?u=daxiong', '2023-11-30 07:10:00', NULL),
(9, 9, 1, 4, '材質摸起來很舒服，顏色也很正。組裝說明書寫得很清楚，約莫30分鐘就完成了。', '小華', 'guo.minghui@foxmail.com', 'https://i.pravatar.cc/150?u=hua', '2023-11-25 04:15:00', NULL),
(10, 10, 1, 5, '這是我買過最滿意的家具！質感超棒，而且客服回覆很快。強烈推薦！', '玲玲', 'zhou.peijun@126.com', 'https://i.pravatar.cc/150?u=ling', '2023-11-20 08:30:00', NULL),
(11, 1, 1, 2, 'dfsdf', 'dddsf', 'sdf@gmail.com', 'https://i.pravatar.cc/150?u=dddsf', '2025-09-02 10:12:25', NULL),
(12, 1, 1, 1, 'sdsddsd', 'csd', 'xcz@gmail.com', 'https://i.pravatar.cc/150?u=csd', '2025-09-04 03:47:34', '/uploads/reviews/review-1756957654664-270366987.png'),
(13, 1, 1, 2, 'dcsdc', 'dd', 'dd@gmail.com', 'https://i.pravatar.cc/150?u=dd', '2025-09-04 03:55:29', '/uploads/reviews/review-1756958129495-362705059.png'),
(14, 1, 1, 3, 'dcsdc', 'dsd', 'dd@gmail.com', 'https://i.pravatar.cc/150?u=dsd', '2025-09-04 04:04:29', '/uploads/reviews/review-1756958669103-507658544.png'),
(15, 1, 1, 2, 'fsdfdfsdf', 'dfsdfsdfd', 'fsdfsd@gmail.com', 'https://i.pravatar.cc/150?u=dfsdfsdfd', '2025-09-04 08:13:23', '/uploads/reviews/review-1756973603740-406017351.png,/uploads/reviews/review-1756973603742-69010730.png,/uploads/reviews/review-1756973603743-185478610.png,/uploads/reviews/review-1756973603745-129561916.png');

-- --------------------------------------------------------

--
-- 資料表結構 `sizes`
--

CREATE TABLE `sizes` (
  `id` int(11) NOT NULL,
  `size_label` varchar(50) DEFAULT NULL
) ENGINE=InnoDB DEFAULT CHARSET=utf8mb4 COLLATE=utf8mb4_general_ci;

--
-- 傾印資料表的資料 `sizes`
--

INSERT INTO `sizes` (`id`, `size_label`) VALUES
(1, '3.5x6台尺'),
(2, '5x6.2台尺'),
(3, '6x6.2台尺'),
(4, '6.2x6.6台尺'),
(5, '1.8x0.9台尺'),
(6, '2.4x0.9台尺'),
(7, '2.5x1.8台尺'),
(8, '60x60x75台尺'),
(9, '120x60x75台尺'),
(10, '180x60x75台尺');

-- --------------------------------------------------------

--
-- 資料表結構 `stocks`
--

CREATE TABLE `stocks` (
  `id` int(11) NOT NULL,
  `color_id` int(11) NOT NULL,
  `size_id` int(11) NOT NULL,
  `amount` int(11) DEFAULT 0
) ENGINE=InnoDB DEFAULT CHARSET=utf8mb4 COLLATE=utf8mb4_general_ci;

--
-- 傾印資料表的資料 `stocks`
--

INSERT INTO `stocks` (`id`, `color_id`, `size_id`, `amount`) VALUES
(1, 1, 1, 20),
(1, 2, 2, 15),
(1, 3, 3, 10),
(2, 1, 2, 25),
(2, 4, 1, 30),
(2, 5, 3, 12),
(3, 2, 1, 18),
(3, 3, 2, 22),
(3, 4, 3, 16),
(4, 1, 1, 28),
(4, 2, 2, 14),
(4, 3, 3, 19),
(5, 5, 1, 24),
(5, 6, 2, 20),
(5, 7, 3, 15),
(6, 1, 1, 12),
(6, 2, 2, 17),
(6, 3, 3, 13),
(7, 4, 1, 21),
(7, 5, 2, 18),
(7, 6, 3, 25),
(8, 1, 1, 30),
(8, 2, 2, 28),
(8, 3, 3, 22),
(9, 4, 1, 16),
(9, 5, 2, 14),
(9, 6, 3, 19),
(10, 1, 1, 20),
(10, 2, 2, 23),
(10, 3, 3, 21);

-- --------------------------------------------------------

--
-- 資料表結構 `style`
--

CREATE TABLE `style` (
  `id` int(11) NOT NULL,
  `product_id` int(11) NOT NULL,
  `des` varchar(255) DEFAULT NULL
) ENGINE=InnoDB DEFAULT CHARSET=utf8mb4 COLLATE=utf8mb4_general_ci;

--
-- 傾印資料表的資料 `style`
--

INSERT INTO `style` (`id`, `product_id`, `des`) VALUES
(1, 1, '北歐簡約風'),
(2, 2, '現代極簡風'),
(3, 3, '工業復古風'),
(4, 5, '美式鄉村風'),
(5, 7, '輕奢設計風'),
(6, 8, '無印自然風');

-- --------------------------------------------------------

--
-- 資料表結構 `users`
--
DROP TABLE users;
CREATE TABLE `users` (
  `id` int(10) UNSIGNED NOT NULL AUTO_INCREMENT,
  `name` varchar(50) NOT NULL,
  `birthday` date DEFAULT NULL,
  `email` varchar(100) NOT NULL,
  `password` varchar(100) NOT NULL,
  `phone` varchar(20) DEFAULT NULL,
  `postcode` varchar(10) DEFAULT NULL,
  `city` varchar(50) DEFAULT NULL,
  `area` varchar(50) DEFAULT NULL,
  `address` varchar(255) DEFAULT NULL,
  `avatar` varchar(255) DEFAULT NULL,
  `level_id` int(10) UNSIGNED DEFAULT 1,
  `is_valid` tinyint(1) NOT NULL DEFAULT 1,
  `created_at` datetime DEFAULT current_timestamp(),
  `updated_at` datetime DEFAULT current_timestamp() ON UPDATE current_timestamp(),
   PRIMARY KEY (id)
) ;

ALTER TABLE users MODIFY COLUMN id int(10) UNSIGNED NOT NULL AUTO_INCREMENT;
--
-- 傾印資料表的資料 `users`
--

INSERT INTO `users` (`id`, `name`, `birthday`, `email`, `password`, `phone`, `postcode`, `city`, `area`, `address`, `avatar`, `level_id`, `is_valid`, `created_at`, `updated_at`) VALUES
(1, '王小明', '1985-03-15', 'wang.xiaoming@example.com', '123456', '0912345678', '100', '台北市', '中正區', '重慶南路一段122號', NULL, 1, 1, '2025-09-08 14:28:05', '2025-09-08 14:28:05'),
(2, '李美華', '1990-07-22', 'li.meihua@example.com', 'abc123', '0923456789', '110', '台北市', '信義區', '信義路四段1號', NULL, 2, 1, '2025-09-08 14:28:05', '2025-09-08 14:28:05'),
(3, '張志強', '1988-12-03', 'zhang.zhiqiang@example.com', 'pass01', '0934567890', '220', '新北市', '板橋區', '民權路158號', NULL, 1, 1, '2025-09-08 14:28:05', '2025-09-08 14:28:05'),
(4, '陈雅玲', '1992-05-18', 'chen.yaling@example.com', '789456', '0945678901', '300', '新竹市', '東區', '光復路二段101號', NULL, 3, 1, '2025-09-08 14:28:05', '2025-09-08 14:28:05'),
(5, '林大偉', '1987-09-10', 'lin.dawei@example.com', 'qwe123', '0956789012', '400', '台中市', '中區', '台灣大道一段75號', NULL, 1, 1, '2025-09-08 14:28:05', '2025-09-08 14:28:05'),
(6, '黃淑芬', '1991-11-25', 'huang.shufen@example.com', 'test99', '0967890123', '500', '彰化縣', '彰化市', '中山路三段200號', NULL, 2, 1, '2025-09-08 14:28:05', '2025-09-08 14:28:05'),
(7, '吳建國', '1986-02-14', 'wu.jianguo@example.com', 'user01', '0978901234', '600', '嘉義市', '西區', '民族路88號', NULL, 1, 1, '2025-09-08 14:28:05', '2025-09-08 14:28:05'),
(8, '劉麗娟', '1989-08-07', 'liu.lijuan@example.com', 'pwd123', '0989012345', '700', '台南市', '中西區', '中正路155號', NULL, 2, 1, '2025-09-08 14:28:05', '2025-09-08 14:28:05'),
(9, '蔡志明', '1993-04-30', 'cai.zhiming@example.com', '321654', '0990123456', '800', '高雄市', '前金區', '中正四路99號', NULL, 3, 1, '2025-09-08 14:28:05', '2025-09-08 14:28:05'),
(10, '鄭美玲', '1984-10-12', 'zheng.meiling@example.com', 'mypass', '0911234567', '260', '宜蘭縣', '宜蘭市', '中山路二段66號', NULL, 1, 1, '2025-09-08 14:28:05', '2025-09-08 14:28:05'),
(11, '楊文傑', '1990-06-08', 'yang.wenjie@example.com', 'hello1', '0922345678', '330', '桃園市', '桃園區', '復興路111號', NULL, 2, 1, '2025-09-08 14:28:05', '2025-09-08 14:28:05'),
(12, '許雅婷', '1988-01-20', 'xu.yating@example.com', 'pass88', '0933456789', '540', '南投縣', '南投市', '中興路77號', NULL, 1, 1, '2025-09-08 14:28:05', '2025-09-08 14:28:05'),
(13, '周志偉', '1991-12-15', 'zhou.zhiwei@example.com', 'abc789', '0944567890', '880', '澎湖縣', '馬公市', '民族路33號', NULL, 3, 1, '2025-09-08 14:28:05', '2025-09-08 14:28:05'),
(14, '賴美惠', '1987-03-28', 'lai.meihui@example.com', '555666', '0955678901', '970', '花蓮縣', '花蓮市', '中華路188號', NULL, 1, 1, '2025-09-08 14:28:05', '2025-09-08 14:28:05'),
(15, '馬俊豪', '1992-09-02', 'ma.junhao@example.com', 'temp01', '0966789012', '950', '台東縣', '台東市', '中華路一段55號', NULL, 2, 1, '2025-09-08 14:28:05', '2025-09-08 14:28:05'),
(16, '謝淑雲', '1985-11-17', 'xie.shuyun@example.com', 'login1', '0977890123', '890', '金門縣', '金城鎮', '民族路22號', NULL, 1, 1, '2025-09-08 14:28:05', '2025-09-08 14:28:05'),
(17, '邱志華', '1989-05-04', 'qiu.zhihua@example.com', '999888', '0988901234', '900', '屏東縣', '屏東市', '中山路144號', NULL, 2, 1, '2025-09-08 14:28:05', '2025-09-08 14:28:05'),
(18, '孫美麗', '1993-08-11', 'sun.meili@example.com', 'sun123', '0999012345', '350', '苗栗縣', '苗栗市', '中正路66號', NULL, 3, 1, '2025-09-08 14:28:05', '2025-09-08 14:28:05'),
(19, '何建志', '1986-12-23', 'he.jianzhi@example.com', 'he9999', '0910123456', '420', '台中市', '豐原區', '中正路333號', NULL, 1, 1, '2025-09-08 14:28:05', '2025-09-08 14:28:05'),
(20, '盧雅雯', '1990-02-19', 'lu.yawen@example.com', 'lu2023', '0921234567', '710', '台南市', '永康區', '中華路二段199號', NULL, 2, 1, '2025-09-08 14:28:05', '2025-09-08 14:28:05'),
(21, '羅文雄', '1988-07-26', 'luo.wenxiong@example.com', 'luo456', '0932345678', '810', '高雄市', '鼓山區', '美術東二路88號', NULL, 1, 1, '2025-09-08 14:28:05', '2025-09-08 14:28:05'),
(22, '韓美珍', '1991-04-13', 'han.meizhen@example.com', 'han789', '0943456789', '200', '基隆市', '仁愛區', '仁一路55號', NULL, 3, 1, '2025-09-08 14:28:05', '2025-09-08 14:28:05'),
(23, '朱志成', '1987-10-05', 'zhu.zhicheng@example.com', 'zhu001', '0954567890', '320', '桃園市', '中壢區', '中北路二段111號', NULL, 1, 1, '2025-09-08 14:28:05', '2025-09-08 14:28:05'),
(24, '洪雅芳', '1992-06-21', 'hong.yafang@example.com', 'hong22', '0965678901', '640', '雲林縣', '斗六市', '雲林路77號', NULL, 2, 1, '2025-09-08 14:28:05', '2025-09-08 14:28:05'),
(25, '葉志宏', '1989-01-16', 'ye.zhihong@example.com', 'ye1989', '0976789012', '630', '雲林縣', '虎尾鎮', '林森路44號', NULL, 1, 1, '2025-09-08 14:28:05', '2025-09-08 14:28:05'),
(26, '蘇美華', '1985-11-09', 'su.meihua@example.com', 'su8520', '0987890123', '302', '新竹縣', '竹北市', '光明六路222號', NULL, 2, 1, '2025-09-08 14:28:05', '2025-09-08 14:28:05'),
(27, '石建明', '1993-03-24', 'shi.jianming@example.com', 'shi333', '0998901234', '411', '台中市', '太平區', '中山路一段166號', NULL, 3, 1, '2025-09-08 14:28:05', '2025-09-08 14:28:05'),
(28, '顏雅慧', '1986-08-12', 'yan.yahui@example.com', 'yan888', '0909123456', '436', '台中市', '清水區', '中華路99號', NULL, 1, 1, '2025-09-08 14:28:05', '2025-09-08 14:28:05'),
(29, '江文豪', '1990-12-28', 'jiang.wenhao@example.com', 'jiang1', '0919234567', '502', '彰化縣', '員林市', '中山路二段188號', NULL, 2, 1, '2025-09-08 14:28:05', '2025-09-08 14:28:05'),
(30, '范美玲', '1988-04-07', 'fan.meiling@example.com', 'fan456', '0929345678', '613', '嘉義縣', '朴子市', '開元路55號', NULL, 1, 1, '2025-09-08 14:28:05', '2025-09-08 14:28:05'),
(31, '童志強', '1991-09-14', 'tong.zhiqiang@example.com', 'tong99', '0939456789', '730', '台南市', '新營區', '民治路77號', NULL, 3, 1, '2025-09-08 14:28:05', '2025-09-08 14:28:05'),
(32, '曾雅惠', '1987-01-03', 'zeng.yahui@example.com', 'zeng11', '0949567890', '820', '高雄市', '岡山區', '岡山路333號', NULL, 1, 1, '2025-09-08 14:28:05', '2025-09-08 14:28:05'),
(33, '游建國', '1992-05-29', 'you.jianguo@example.com', 'you789', '0959678901', '912', '屏東縣', '內埔鄉', '內埔路44號', NULL, 2, 1, '2025-09-08 14:28:05', '2025-09-08 14:28:05'),
(34, '溫美華', '1989-11-16', 'wen.meihua@example.com', 'wen222', '0969789012', '268', '宜蘭縣', '五結鄉', '五結路111號', NULL, 1, 1, '2025-09-08 14:28:05', '2025-09-08 14:28:05'),
(35, '簡志明', '1985-07-25', 'jian.zhiming@example.com', 'jian88', '0979890123', '366', '苗栗縣', '銅鑼鄉', '銅鑼路66號', NULL, 2, 1, '2025-09-08 14:28:05', '2025-09-08 14:28:05'),
(36, '藍雅玲', '1993-02-11', 'lan.yaling@example.com', 'lan123', '0989901234', '551', '南投縣', '名間鄉', '彰南路188號', NULL, 3, 1, '2025-09-08 14:28:05', '2025-09-08 14:28:05'),
(37, '方文傑', '1986-10-18', 'fang.wenjie@example.com', 'fang01', '0990012345', '648', '雲林縣', '西螺鎮', '延平路99號', NULL, 1, 1, '2025-09-08 14:28:05', '2025-09-08 14:28:05'),
(38, '施美惠', '1990-03-05', 'shi.meihui@example.com', 'shi555', '0901123456', '621', '嘉義縣', '民雄鄉', '大學路一段77號', NULL, 2, 1, '2025-09-08 14:28:05', '2025-09-08 14:28:05'),
(39, '魏志偉', '1988-08-22', 'wei.zhiwei@example.com', 'wei999', '0912234567', '741', '台南市', '善化區', '中山路333號', NULL, 1, 1, '2025-09-08 14:28:05', '2025-09-08 14:28:05'),
(40, '高雅芬', '1991-06-09', 'gao.yafen@example.com', 'gao666', '0923345678', '831', '高雄市', '大寮區', '鳳林三路44號', NULL, 3, 1, '2025-09-08 14:28:05', '2025-09-08 14:28:05'),
(41, '田建志', '1987-12-26', 'tian.jianzhi@example.com', 'tian77', '0934456789', '920', '屏東縣', '潮州鎮', '中山路二段155號', NULL, 1, 1, '2025-09-08 14:28:05', '2025-09-08 14:28:05'),
(42, '余美玲', '1992-04-14', 'yu.meiling@example.com', 'yu2024', '0945567890', '970', '花蓮縣', '花蓮市', '中美路88號', NULL, 2, 1, '2025-09-08 14:28:05', '2025-09-08 14:28:05'),
(43, '沈志華', '1989-09-01', 'shen.zhihua@example.com', 'shen11', '0956678901', '954', '台東縣', '關山鎮', '中華路99號', NULL, 1, 1, '2025-09-08 14:28:05', '2025-09-08 14:28:05'),
(44, '白雅雯', '1985-01-28', 'bai.yawen@example.com', 'bai888', '0967789012', '209', '連江縣', '南竿鄉', '介壽路33號', NULL, 2, 1, '2025-09-08 14:28:05', '2025-09-08 14:28:05'),
(45, '柯文雄', '1993-05-15', 'ke.wenxiong@example.com', 'ke1993', '0978890123', '891', '金門縣', '金湖鎮', '環島東路77號', NULL, 3, 1, '2025-09-08 14:28:05', '2025-09-08 14:28:05'),
(46, '姚美珍', '1986-11-02', 'yao.meizhen@example.com', 'yao456', '0989001234', '103', '台北市', '大同區', '重慶北路二段222號', NULL, 1, 1, '2025-09-08 14:28:05', '2025-09-08 14:28:05'),
(47, '袁志宏', '1990-07-19', 'yuan.zhihong@example.com', 'yuan01', '0990112345', '112', '台北市', '北投區', '中央北路一段111號', NULL, 2, 1, '2025-09-08 14:28:05', '2025-09-08 14:28:05'),
(48, '金雅慧', '1988-03-06', 'jin.yahui@example.com', 'jin789', '0901223456', '116', '台北市', '文山區', '羅斯福路六段333號', NULL, 1, 1, '2025-09-08 14:28:05', '2025-09-08 14:28:05'),
(49, '秦文豪', '1991-08-23', 'qin.wenhao@example.com', 'qin999', '0912334567', '231', '新北市', '新店區', '北新路三段99號', NULL, 3, 1, '2025-09-08 14:28:05', '2025-09-08 14:28:05'),
(50, '尹美玲', '1987-12-10', 'yin.meiling@example.com', 'yin123', '0923445678', '242', '新北市', '新莊區', '中正路555號', NULL, 1, 1, '2025-09-08 14:28:05', '2025-09-08 14:28:05'),
(51, '卓志強', '1992-02-27', 'zhuo.zhiqiang@example.com', 'zhuo88', '0934556789', '251', '新北市', '淡水區', '中正路東段188號', NULL, 2, 1, '2025-09-08 14:28:05', '2025-09-08 14:28:05'),
(52, '鍾雅惠', '1989-06-14', 'zhong.yahui@example.com', 'zhong1', '0945667890', '310', '新竹市', '香山區', '中華路四段77號', NULL, 1, 1, '2025-09-08 14:28:05', '2025-09-08 14:28:05'),
(53, '龍建國', '1985-10-31', 'long.jianguo@example.com', 'long77', '0956778901', '324', '桃園市', '平鎮區', '中豐路山頂段444號', NULL, 2, 1, '2025-09-08 14:28:05', '2025-09-08 14:28:05'),
(54, '葛美華', '1993-01-18', 'ge.meihua@example.com', 'ge2023', '0967889012', '338', '桃園市', '蘆竹區', '南崁路一段222號', NULL, 3, 1, '2025-09-08 14:28:05', '2025-09-08 14:28:05'),
(55, '雷志明', '1986-04-05', 'lei.zhiming@example.com', 'lei456', '0978990123', '360', '苗栗縣', '苗栗市', '為公路999號', NULL, 1, 1, '2025-09-08 14:28:05', '2025-09-08 14:28:05'),
(56, '史雅玲', '1990-09-22', 'shi2.yaling@example.com', 'shi2_1', '0989001234', '369', '苗栗縣', '卓蘭鎮', '中山路155號', NULL, 2, 1, '2025-09-08 14:28:05', '2025-09-08 14:28:05'),
(57, '柳文傑', '1988-01-09', 'liu2.wenjie@example.com', 'liu2_9', '0990112345', '401', '台中市', '東區', '復興路四段88號', NULL, 1, 1, '2025-09-08 14:28:05', '2025-09-08 14:28:05'),
(58, '花美惠', '1991-05-26', 'hua.meihui@example.com', 'hua526', '0901223456', '407', '台中市', '西屯區', '台灣大道四段333號', NULL, 3, 1, '2025-09-08 14:28:05', '2025-09-08 14:28:05'),
(59, '莊志偉', '1987-11-13', 'zhuang.zhiwei@example.com', 'zhuang', '0912334567', '413', '台中市', '霧峰區', '中正路777號', NULL, 1, 1, '2025-09-08 14:28:05', '2025-09-08 14:28:05'),
(60, '嚴雅芬', '1992-03-30', 'yan2.yafen@example.com', 'yan2_3', '0923445678', '432', '台中市', '大肚區', '沙田路二段111號', NULL, 2, 1, '2025-09-08 14:28:05', '2025-09-08 14:28:05'),
(61, '紀建志', '1989-07-17', 'ji.jianzhi@example.com', 'ji7777', '0934556789', '515', '彰化縣', '大村鄉', '中正西路99號', NULL, 1, 1, '2025-09-08 14:28:05', '2025-09-08 14:28:05'),
(62, '柴美玲', '1985-12-04', 'chai.meiling@example.com', 'chai12', '0945667890', '520', '彰化縣', '田中鎮', '中州路二段444號', NULL, 2, 1, '2025-09-08 14:28:05', '2025-09-08 14:28:05'),
(63, '費志華', '1993-04-21', 'fei.zhihua@example.com', 'fei421', '0956778901', '555', '南投縣', '魚池鄉', '魚池街188號', NULL, 3, 1, '2025-09-08 14:28:05', '2025-09-08 14:28:05'),
(64, '倪雅雯', '1986-08-08', 'ni.yawen@example.com', 'ni8888', '0967889012', '557', '南投縣', '竹山鎮', '集山路三段222號', NULL, 1, 1, '2025-09-08 14:28:05', '2025-09-08 14:28:05'),
(65, '湯文雄', '1990-12-25', 'tang.wenxiong@example.com', 'tang25', '0978990123', '604', '嘉義縣', '竹崎鄉', '和平路77號', NULL, 2, 1, '2025-09-08 14:28:05', '2025-09-08 14:28:05'),
(66, '滕美珍', '1988-02-12', 'teng.meizhen@example.com', 'teng22', '0989001234', '611', '嘉義縣', '鹿草鄉', '中正路555號', NULL, 1, 1, '2025-09-08 14:28:05', '2025-09-08 14:28:05'),
(67, '竇志宏', '1991-06-29', 'dou.zhihong@example.com', 'dou629', '0990112345', '704', '台南市', '北區', '公園路333號', NULL, 3, 1, '2025-09-08 14:28:05', '2025-09-08 14:28:05'),
(68, '閔雅慧', '1987-10-16', 'min.yahui@example.com', 'min101', '0901223456', '717', '台南市', '仁德區', '中正路一段188號', NULL, 1, 1, '2025-09-08 14:28:05', '2025-09-08 14:28:05'),
(69, '單文豪', '1992-01-03', 'dan.wenhao@example.com', 'dan103', '0912334567', '725', '台南市', '將軍區', '忠興里99號', NULL, 2, 1, '2025-09-08 14:28:05', '2025-09-08 14:28:05'),
(70, '季美玲', '1989-05-20', 'ji2.meiling@example.com', 'ji2520', '0923445678', '744', '台南市', '新市區', '中興街77號', NULL, 1, 1, '2025-09-08 14:28:05', '2025-09-08 14:28:05'),
(71, '辛志強', '1985-09-07', 'xin.zhiqiang@example.com', 'xin907', '0934556789', '802', '高雄市', '苓雅區', '四維三路444號', NULL, 2, 1, '2025-09-08 14:28:05', '2025-09-08 14:28:05'),
(72, '牛雅惠', '1993-02-24', 'niu.yahui@example.com', 'niu224', '0945667890', '806', '高雄市', '前鎮區', '中山三路222號', NULL, 3, 1, '2025-09-08 14:28:05', '2025-09-08 14:28:05'),
(73, '喬建國', '1986-06-11', 'qiao.jianguo@example.com', 'qiao61', '0956778901', '813', '高雄市', '左營區', '博愛二路555號', NULL, 1, 1, '2025-09-08 14:28:05', '2025-09-08 14:28:05'),
(74, '賀美華', '1990-10-28', 'he2.meihua@example.com', 'he2102', '0967889012', '825', '高雄市', '橋頭區', '橋南路188號', NULL, 2, 1, '2025-09-08 14:28:05', '2025-09-08 14:28:05'),
(75, '雲志明', '1988-03-15', 'yun.zhiming@example.com', 'yun315', '0978990123', '840', '高雄市', '大樹區', '中正一路99號', NULL, 1, 1, '2025-09-08 14:28:05', '2025-09-08 14:28:05'),
(76, '項雅玲', '1991-07-02', 'xiang.yaling@example.com', 'xiang7', '0989001234', '851', '高雄市', '茄萣區', '濱海路四段333號', NULL, 3, 1, '2025-09-08 14:28:05', '2025-09-08 14:28:05'),
(77, '景文傑', '1987-11-19', 'jing.wenjie@example.com', 'jing19', '0990112345', '901', '屏東縣', '三地門鄉', '中正路二段77號', NULL, 1, 1, '2025-09-08 14:28:05', '2025-09-08 14:28:05'),
(78, '充美惠', '1992-04-06', 'chong.meihui@example.com', 'chong4', '0901223456', '906', '屏東縣', '高樹鄉', '興中路444號', NULL, 2, 1, '2025-09-08 14:28:05', '2025-09-08 14:28:05'),
(79, '權志偉', '1989-08-23', 'quan.zhiwei@example.com', 'quan23', '0912334567', '911', '屏東縣', '竹田鄉', '中山路188號', NULL, 1, 1, '2025-09-08 14:28:05', '2025-09-08 14:28:05'),
(80, '樂雅芬', '1985-12-10', 'le.yafen@example.com', 'le1210', '0923445678', '927', '屏東縣', '林邊鄉', '中山路222號', NULL, 2, 1, '2025-09-08 14:28:05', '2025-09-08 14:28:05'),
(81, '厚建志', '1993-05-27', 'hou.jianzhi@example.com', 'hou527', '0934556789', '971', '花蓮縣', '新城鄉', '新興路99號', NULL, 3, 1, '2025-09-08 14:28:05', '2025-09-08 14:28:05'),
(82, '友美玲', '1986-09-14', 'you2.meiling@example.com', 'you914', '0945667890', '972', '花蓮縣', '秀林鄉', '和平路555號', NULL, 1, 1, '2025-09-08 14:28:05', '2025-09-08 14:28:05'),
(83, '滑志華', '1990-01-31', 'hua2.zhihua@example.com', 'hua131', '0956778901', '973', '花蓮縣', '卓溪鄉', '中正路333號', NULL, 2, 1, '2025-09-08 14:28:05', '2025-09-08 14:28:05'),
(84, '務雅雯', '1988-06-18', 'wu2.yawen@example.com', 'wu618', '0967889012', '974', '花蓮縣', '豐濱鄉', '豐濱路188號', NULL, 1, 1, '2025-09-08 14:28:05', '2025-09-08 14:28:05'),
(85, '廣文雄', '1991-10-05', 'guang.wenxiong@example.com', 'guang5', '0978990123', '951', '台東縣', '綠島鄉', '中寮村77號', NULL, 3, 1, '2025-09-08 14:28:05', '2025-09-08 14:28:05'),
(86, '康美珍', '1987-02-22', 'kang.meizhen@example.com', 'kang22', '0989001234', '952', '台東縣', '蘭嶼鄉', '椰油村444號', NULL, 1, 1, '2025-09-08 14:28:05', '2025-09-08 14:28:05'),
(87, '庸志宏', '1992-07-09', 'yong.zhihong@example.com', 'yong79', '0990112345', '953', '台東縣', '延平鄉', '桃源村222號', NULL, 2, 1, '2025-09-08 14:28:05', '2025-09-08 14:28:05'),
(88, '應雅慧', '1989-11-26', 'ying.yahui@example.com', 'ying26', '0901223456', '955', '台東縣', '鹿野鄉', '鹿野路555號', NULL, 1, 1, '2025-09-08 14:28:05', '2025-09-08 14:28:05'),
(89, '懷文豪', '1985-04-13', 'huai.wenhao@example.com', 'huai13', '0912334567', '956', '台東縣', '池上鄉', '中西三路99號', NULL, 2, 1, '2025-09-08 14:28:05', '2025-09-08 14:28:05'),
(90, '戈美玲', '1993-08-30', 'ge2.meiling@example.com', 'ge830', '0923445678', '957', '台東縣', '東河鄉', '東河路333號', NULL, 3, 1, '2025-09-08 14:28:05', '2025-09-08 14:28:05'),
(91, '成志強', '1986-12-17', 'cheng.zhiqiang@example.com', 'cheng7', '0934556789', '958', '台東縣', '成功鎮', '中山東路188號', NULL, 1, 1, '2025-09-08 14:28:05', '2025-09-08 14:28:05'),
(92, '戰雅惠', '1990-03-04', 'zhan.yahui@example.com', 'zhan34', '0945667890', '959', '台東縣', '長濱鄉', '長濱路777號', NULL, 2, 1, '2025-09-08 14:28:05', '2025-09-08 14:28:05'),
(93, '胥建國', '1988-07-21', 'xu2.jianguo@example.com', 'xu721', '0956778901', '892', '金門縣', '烈嶼鄉', '后頭村44號', NULL, 1, 1, '2025-09-08 14:28:05', '2025-09-08 14:28:05'),
(94, '能美華', '1991-11-08', 'neng.meihua@example.com', 'neng18', '0967889012', '893', '金門縣', '烏坵鄉', '坵南村111號', NULL, 3, 1, '2025-09-08 14:28:05', '2025-09-08 14:28:05'),
(95, '通志明', '1987-01-25', 'tong2.zhiming@example.com', 'tong25', '0978990123', '210', '連江縣', '北竿鄉', '塘岐村222號', NULL, 1, 1, '2025-09-08 14:28:05', '2025-09-08 14:28:05'),
(96, '逢雅玲', '1992-06-12', 'feng.yaling@example.com', 'feng12', '0989001234', '211', '連江縣', '莒光鄉', '田澳村555號', NULL, 2, 1, '2025-09-08 14:28:05', '2025-09-08 14:28:05'),
(97, '連文傑', '1989-10-29', 'lian.wenjie@example.com', 'lian29', '0990112345', '212', '連江縣', '東引鄉', '中柳村99號', NULL, 1, 1, '2025-09-08 14:28:05', '2025-09-08 14:28:05'),
(98, '郎美惠', '1985-02-16', 'lang.meihui@example.com', 'lang16', '0901223456', '115', '台北市', '南港區', '研究院路二段333號', NULL, 2, 1, '2025-09-08 14:28:05', '2025-09-08 14:28:05'),
(99, '邸志偉', '1993-06-03', 'di.zhiwei@example.com', 'di603', '0912334567', '117', '台北市', '內湖區', '成功路四段188號', NULL, 3, 1, '2025-09-08 14:28:05', '2025-09-08 14:28:05'),
(100, '安雅芬', '1986-09-20', 'an.yafen@example.com', 'an920', '0923445678', '248', '新北市', '五股區', '成泰路一段777號', NULL, 1, 1, '2025-09-08 14:28:05', '2025-09-08 14:28:05'),
(101, '常建志', '1990-01-07', 'chang.jianzhi@example.com', 'chang7', '0934556789', '253', '新北市', '石門區', '尖鹿路44號', NULL, 2, 1, '2025-09-08 14:28:05', '2025-09-08 14:28:05'),
(102, '樂美玲', '1988-05-24', 'le2.meiling@example.com', 'le524', '0945667890', '207', '基隆市', '中山區', '中山一路222號', NULL, 1, 1, '2025-09-08 14:28:05', '2025-09-08 14:28:05');

-- --------------------------------------------------------

--
-- 資料表結構 `user_coupons`
--

CREATE TABLE `user_coupons` (
  `id` int(11) NOT NULL,
  `user_id` int(10) UNSIGNED NOT NULL,
  `coupon_id` int(11) NOT NULL,
  `get_at` datetime DEFAULT NULL,
  `used_at` datetime DEFAULT NULL,
  `expire_at` datetime DEFAULT NULL,
  `status` tinyint(1) DEFAULT 0
) ENGINE=InnoDB DEFAULT CHARSET=utf8mb4 COLLATE=utf8mb4_general_ci;

--
-- 傾印資料表的資料 `user_coupons`
--

INSERT INTO `user_coupons` (`id`, `user_id`, `coupon_id`, `get_at`, `used_at`, `expire_at`, `status`) VALUES
(1, 1, 1, '2025-08-25 10:30:00', '2025-08-28 15:30:00', '2025-09-01 23:59:59', 1),
(2, 1, 4, '2025-08-30 14:20:00', NULL, '2025-10-01 23:59:59', 0),
(3, 1, 8, '2025-08-31 16:45:00', NULL, '2025-09-30 23:59:59', 0),
(4, 2, 2, '2025-08-20 09:15:00', '2025-08-28 15:30:00', '2025-08-27 23:59:59', 1),
(5, 2, 5, '2025-08-29 11:00:00', NULL, '2025-09-30 23:59:59', 0),
(6, 3, 3, '2025-08-15 13:25:00', NULL, '2025-08-22 23:59:59', 2),
(7, 3, 6, '2025-08-31 10:40:00', NULL, '2025-09-30 23:59:59', 0),
(8, 3, 7, '2025-08-31 18:20:00', NULL, '2025-09-30 23:59:59', 0),
(9, 1, 5, '2025-08-28 09:00:00', NULL, '2025-09-30 23:59:59', 0),
(10, 2, 6, '2025-08-25 14:30:00', '2025-08-30 10:20:00', '2025-09-30 23:59:59', 1);

-- --------------------------------------------------------

--
-- 資料表結構 `user_levels`
--

CREATE TABLE `user_levels` (
  `id` int(10) UNSIGNED NOT NULL,
  `name` varchar(20) DEFAULT NULL
) ENGINE=InnoDB DEFAULT CHARSET=utf8mb4 COLLATE=utf8mb4_general_ci;

--
-- 傾印資料表的資料 `user_levels`
--

INSERT INTO `user_levels` (`id`, `name`) VALUES
(2, '原木會員'),
(1, '木芽會員'),
(3, '森林會員');

--
-- 已傾印資料表的索引
--

--
-- 資料表索引 `bookings`
--
ALTER TABLE `bookings`
  ADD PRIMARY KEY (`id`),
  ADD KEY `organizer_id` (`organizer_id`),
  ADD KEY `user_id` (`user_id`);

--
-- 資料表索引 `booking_images`
--
ALTER TABLE `booking_images`
  ADD PRIMARY KEY (`id`),
  ADD KEY `booking_id` (`booking_id`);

--
-- 資料表索引 `bookmarks`
--
ALTER TABLE `bookmarks`
  ADD PRIMARY KEY (`id`),
  ADD UNIQUE KEY `uq_bookmark_user_article` (`user_id`,`article_id`),
  ADD KEY `idx_bm_user` (`user_id`),
  ADD KEY `idx_bm_article` (`article_id`);

--
-- 資料表索引 `colors`
--
ALTER TABLE `colors`
  ADD PRIMARY KEY (`id`);

--
-- 資料表索引 `comments`
--
ALTER TABLE `comments`
  ADD PRIMARY KEY (`id`),
  ADD KEY `user_id` (`user_id`),
  ADD KEY `product_id` (`product_id`);

--
-- 資料表索引 `coupons`
--
ALTER TABLE `coupons`
  ADD PRIMARY KEY (`id`);

--
-- 資料表索引 `coupon_categories`
--
ALTER TABLE `coupon_categories`
  ADD PRIMARY KEY (`id`),
  ADD KEY `coupon_id` (`coupon_id`),
  ADD KEY `category_id` (`category_id`);

--
-- 資料表索引 `coupon_level`
--
ALTER TABLE `coupon_level`
  ADD PRIMARY KEY (`id`),
  ADD KEY `coupon_id` (`coupon_id`),
  ADD KEY `level_id` (`levels_id`);

--
-- 資料表索引 `designers`
--
ALTER TABLE `designers`
  ADD PRIMARY KEY (`id`);

--
-- 資料表索引 `favorites`
--
ALTER TABLE `favorites`
  ADD PRIMARY KEY (`id`),
  ADD UNIQUE KEY `uq_fav_user_product` (`user_id`,`product_id`),
  ADD KEY `idx_fav_user` (`user_id`),
  ADD KEY `idx_fav_product` (`product_id`);

--
-- 資料表索引 `materials`
--
ALTER TABLE `materials`
  ADD PRIMARY KEY (`id`);

--
-- 資料表索引 `materials_list`
--
ALTER TABLE `materials_list`
  ADD PRIMARY KEY (`product_id`,`materials_id`),
  ADD KEY `materials_id` (`materials_id`);

--
-- 資料表索引 `orders`
--
ALTER TABLE `orders`
  ADD PRIMARY KEY (`id`),
  ADD UNIQUE KEY `order_number` (`order_number`),
  ADD KEY `user_id` (`user_id`);

--
-- 資料表索引 `order_items`
--
ALTER TABLE `order_items`
  ADD PRIMARY KEY (`id`),
  ADD KEY `order_id` (`order_id`),
  ADD KEY `product_id` (`product_id`);

--
-- 資料表索引 `organizers`
--
ALTER TABLE `organizers`
  ADD PRIMARY KEY (`id`);

--
-- 資料表索引 `products`
--
ALTER TABLE `products`
  ADD PRIMARY KEY (`id`),
  ADD KEY `category_id` (`category_id`),
  ADD KEY `fk_designer` (`designer_id`);

--
-- 資料表索引 `products_category`
--
ALTER TABLE `products_category`
  ADD PRIMARY KEY (`category_id`);

--
-- 資料表索引 `product_colors`
--
ALTER TABLE `product_colors`
  ADD PRIMARY KEY (`product_id`,`color_id`),
  ADD KEY `color_id` (`color_id`);

--
-- 資料表索引 `product_img`
--
ALTER TABLE `product_img`
  ADD PRIMARY KEY (`id`),
  ADD KEY `product_id` (`product_id`);

--
-- 資料表索引 `product_sizes`
--
ALTER TABLE `product_sizes`
  ADD PRIMARY KEY (`product_id`,`size_id`),
  ADD KEY `size_id` (`size_id`);

--
-- 資料表索引 `reviews`
--
ALTER TABLE `reviews`
  ADD PRIMARY KEY (`id`);

--
-- 資料表索引 `sizes`
--
ALTER TABLE `sizes`
  ADD PRIMARY KEY (`id`);

--
-- 資料表索引 `stocks`
--
ALTER TABLE `stocks`
  ADD PRIMARY KEY (`id`,`color_id`,`size_id`),
  ADD KEY `color_id` (`color_id`),
  ADD KEY `size_id` (`size_id`);

--
-- 資料表索引 `style`
--
ALTER TABLE `style`
  ADD PRIMARY KEY (`id`),
  ADD KEY `product_id` (`product_id`);

--
-- 資料表索引 `users`
--
ALTER TABLE `users`
  ADD PRIMARY KEY (`id`),
  ADD UNIQUE KEY `email` (`email`),
  ADD KEY `fk_users_level` (`level_id`);

--
-- 資料表索引 `user_coupons`
--
ALTER TABLE `user_coupons`
  ADD PRIMARY KEY (`id`),
  ADD KEY `user_id` (`user_id`),
  ADD KEY `coupon_id` (`coupon_id`);

--
-- 資料表索引 `user_levels`
--
ALTER TABLE `user_levels`
  ADD PRIMARY KEY (`id`),
  ADD UNIQUE KEY `uq_user_levels_name` (`name`);

--
-- 在傾印的資料表使用自動遞增(AUTO_INCREMENT)
--

--
-- 使用資料表自動遞增(AUTO_INCREMENT) `bookings`
--
ALTER TABLE `bookings`
  MODIFY `id` int(11) NOT NULL AUTO_INCREMENT, AUTO_INCREMENT=5;

--
-- 使用資料表自動遞增(AUTO_INCREMENT) `booking_images`
--
ALTER TABLE `booking_images`
  MODIFY `id` int(11) NOT NULL AUTO_INCREMENT, AUTO_INCREMENT=8;

--
-- 使用資料表自動遞增(AUTO_INCREMENT) `bookmarks`
--
ALTER TABLE `bookmarks`
  MODIFY `id` int(10) UNSIGNED NOT NULL AUTO_INCREMENT;

--
-- 使用資料表自動遞增(AUTO_INCREMENT) `colors`
--
ALTER TABLE `colors`
  MODIFY `id` int(11) NOT NULL AUTO_INCREMENT, AUTO_INCREMENT=11;

--
-- 使用資料表自動遞增(AUTO_INCREMENT) `comments`
--
ALTER TABLE `comments`
  MODIFY `id` int(11) NOT NULL AUTO_INCREMENT;

--
-- 使用資料表自動遞增(AUTO_INCREMENT) `coupons`
--
ALTER TABLE `coupons`
  MODIFY `id` int(11) NOT NULL AUTO_INCREMENT, AUTO_INCREMENT=56;

--
-- 使用資料表自動遞增(AUTO_INCREMENT) `coupon_categories`
--
ALTER TABLE `coupon_categories`
  MODIFY `id` int(11) NOT NULL AUTO_INCREMENT, AUTO_INCREMENT=21;

--
-- 使用資料表自動遞增(AUTO_INCREMENT) `coupon_level`
--
ALTER TABLE `coupon_level`
  MODIFY `id` int(11) NOT NULL AUTO_INCREMENT, AUTO_INCREMENT=20;

--
-- 使用資料表自動遞增(AUTO_INCREMENT) `designers`
--
ALTER TABLE `designers`
  MODIFY `id` int(11) NOT NULL AUTO_INCREMENT, AUTO_INCREMENT=16;

--
-- 使用資料表自動遞增(AUTO_INCREMENT) `favorites`
--
ALTER TABLE `favorites`
  MODIFY `id` int(10) UNSIGNED NOT NULL AUTO_INCREMENT;

--
-- 使用資料表自動遞增(AUTO_INCREMENT) `materials`
--
ALTER TABLE `materials`
  MODIFY `id` int(11) NOT NULL AUTO_INCREMENT, AUTO_INCREMENT=11;

--
-- 使用資料表自動遞增(AUTO_INCREMENT) `orders`
--
ALTER TABLE `orders`
  MODIFY `id` int(11) NOT NULL AUTO_INCREMENT;

--
-- 使用資料表自動遞增(AUTO_INCREMENT) `order_items`
--
ALTER TABLE `order_items`
  MODIFY `id` int(11) NOT NULL AUTO_INCREMENT;

--
-- 使用資料表自動遞增(AUTO_INCREMENT) `organizers`
--
ALTER TABLE `organizers`
  MODIFY `id` int(11) NOT NULL AUTO_INCREMENT, AUTO_INCREMENT=14;

--
-- 使用資料表自動遞增(AUTO_INCREMENT) `products`
--
ALTER TABLE `products`
  MODIFY `id` int(11) NOT NULL AUTO_INCREMENT, AUTO_INCREMENT=163;

--
-- 使用資料表自動遞增(AUTO_INCREMENT) `products_category`
--
ALTER TABLE `products_category`
  MODIFY `category_id` int(11) NOT NULL AUTO_INCREMENT, AUTO_INCREMENT=8;

--
-- 使用資料表自動遞增(AUTO_INCREMENT) `product_img`
--
ALTER TABLE `product_img`
  MODIFY `id` int(11) NOT NULL AUTO_INCREMENT, AUTO_INCREMENT=614;

--
-- 使用資料表自動遞增(AUTO_INCREMENT) `reviews`
--
ALTER TABLE `reviews`
  MODIFY `id` int(11) NOT NULL AUTO_INCREMENT, AUTO_INCREMENT=16;

--
-- 使用資料表自動遞增(AUTO_INCREMENT) `sizes`
--
ALTER TABLE `sizes`
  MODIFY `id` int(11) NOT NULL AUTO_INCREMENT, AUTO_INCREMENT=11;

--
-- 使用資料表自動遞增(AUTO_INCREMENT) `style`
--
ALTER TABLE `style`
  MODIFY `id` int(11) NOT NULL AUTO_INCREMENT, AUTO_INCREMENT=17;

--
-- 使用資料表自動遞增(AUTO_INCREMENT) `users`
--
ALTER TABLE `users`
  MODIFY `id` int(10) UNSIGNED NOT NULL AUTO_INCREMENT;

--
-- 使用資料表自動遞增(AUTO_INCREMENT) `user_coupons`
--
ALTER TABLE `user_coupons`
  MODIFY `id` int(11) NOT NULL AUTO_INCREMENT, AUTO_INCREMENT=11;

--
-- 使用資料表自動遞增(AUTO_INCREMENT) `user_levels`
--
ALTER TABLE `user_levels`
  MODIFY `id` int(10) UNSIGNED NOT NULL AUTO_INCREMENT, AUTO_INCREMENT=4;

--
-- 已傾印資料表的限制式
--

--
-- 資料表的限制式 `bookings`
--
ALTER TABLE `bookings`
  ADD CONSTRAINT `bookings_ibfk_1` FOREIGN KEY (`organizer_id`) REFERENCES `organizers` (`id`),
  ADD CONSTRAINT `bookings_ibfk_2` FOREIGN KEY (`user_id`) REFERENCES `users` (`id`);

--
-- 資料表的限制式 `booking_images`
--
ALTER TABLE `booking_images`
  ADD CONSTRAINT `booking_images_ibfk_1` FOREIGN KEY (`booking_id`) REFERENCES `bookings` (`id`) ON DELETE CASCADE;

--
-- 資料表的限制式 `bookmarks`
--
ALTER TABLE `bookmarks`
  ADD CONSTRAINT `fk_bm_article` FOREIGN KEY (`article_id`) REFERENCES `articles` (`id`) ON DELETE CASCADE ON UPDATE CASCADE,
  ADD CONSTRAINT `fk_bm_user` FOREIGN KEY (`user_id`) REFERENCES `users` (`id`) ON DELETE CASCADE ON UPDATE CASCADE;

--
-- 資料表的限制式 `comments`
--
ALTER TABLE `comments`
  ADD CONSTRAINT `comments_ibfk_1` FOREIGN KEY (`user_id`) REFERENCES `users` (`id`),
  ADD CONSTRAINT `comments_ibfk_2` FOREIGN KEY (`product_id`) REFERENCES `products` (`id`);

--
-- 資料表的限制式 `coupon_categories`
--
ALTER TABLE `coupon_categories`
  ADD CONSTRAINT `coupon_categories_ibfk_1` FOREIGN KEY (`coupon_id`) REFERENCES `coupons` (`id`),
  ADD CONSTRAINT `coupon_categories_ibfk_2` FOREIGN KEY (`category_id`) REFERENCES `products_category` (`category_id`);

--
-- 資料表的限制式 `coupon_level`
--
ALTER TABLE `coupon_level`
  ADD CONSTRAINT `coupon_level_ibfk_1` FOREIGN KEY (`coupon_id`) REFERENCES `coupons` (`id`),
  ADD CONSTRAINT `coupon_level_ibfk_2` FOREIGN KEY (`levels_id`) REFERENCES `user_levels` (`id`);

--
-- 資料表的限制式 `favorites`
--
ALTER TABLE `favorites`
  ADD CONSTRAINT `fk_fav_product` FOREIGN KEY (`product_id`) REFERENCES `products` (`id`) ON DELETE CASCADE ON UPDATE CASCADE,
  ADD CONSTRAINT `fk_fav_user` FOREIGN KEY (`user_id`) REFERENCES `users` (`id`) ON DELETE CASCADE ON UPDATE CASCADE;

--
-- 資料表的限制式 `materials_list`
--
ALTER TABLE `materials_list`
  ADD CONSTRAINT `materials_list_ibfk_1` FOREIGN KEY (`product_id`) REFERENCES `products` (`id`),
  ADD CONSTRAINT `materials_list_ibfk_2` FOREIGN KEY (`materials_id`) REFERENCES `products` (`id`);

--
-- 資料表的限制式 `orders`
--
ALTER TABLE `orders`
  ADD CONSTRAINT `orders_ibfk_1` FOREIGN KEY (`user_id`) REFERENCES `users` (`id`);

--
-- 資料表的限制式 `order_items`
--
-- 插入測試訂單資料
-- 首先插入 orders 表資料

INSERT INTO orders (order_number, user_id, total_amount, buyer_name, buyer_email, buyer_phone, recipient_name, recipient_phone, postal_code, address, create_at) VALUES
('202501150001', 1, 15900, '張小明', 'zhang@email.com', '0912345678', '張小明', '0912345678', '10001', '100 台北市中正區重慶南路一段122號', '2025-01-15 10:30:00'),
('202501150002', 1, 8500, '張小明', 'zhang@email.com', '0912345678', '李小美', '0987654321', '40001', '400 台中市中區中山路200號', '2025-01-15 14:20:00'),
('202501140001', 2, 22800, '王大華', 'wang@email.com', '0923456789', '王大華', '0923456789', '80001', '800 高雄市新興區中山一路100號', '2025-01-14 16:45:00'),
('202501140002', 1, 12300, '張小明', 'zhang@email.com', '0912345678', '陳阿姨', '0934567890', '22001', '220 新北市板橋區文化路一段150號', '2025-01-14 09:15:00'),
('202501130001', 3, 9800, '李美麗', 'li@email.com', '0945678901', '李美麗', '0945678901', '30001', '300 新竹市東區光復路二段88號', '2025-01-13 11:30:00'),
('202501130002', 2, 18700, '王大華', 'wang@email.com', '0923456789', '王媽媽', '0956789012', '70001', '700 台南市中西區民族路三段66號', '2025-01-13 15:20:00'),
('202501120001', 4, 6500, '林小志', 'lin@email.com', '0967890123', '林小志', '0967890123', '50001', '500 彰化市中山路一段77號', '2025-01-12 13:40:00'),
('202501120002', 1, 35600, '張小明', 'zhang@email.com', '0912345678', '張爸爸', '0978901234', '33001', '330 桃園市桃園區中正路500號', '2025-01-12 17:10:00');

-- 插入 order_items 表資料
-- 訂單 1 (order_id = 1) - 張小明的訂單
INSERT INTO order_items (order_id, product_id, quantity, price, size, color, material) VALUES
(1, 1, 1, 8900, 'L', '原木色', '實木'),
(1, 3, 1, 5500, 'M', '白色', '金屬'),
(1, 5, 1, 1500, 'S', '黑色', '塑膠');

-- 訂單 2 (order_id = 2) - 張小明的第二個訂單
INSERT INTO order_items (order_id, product_id, quantity, price, size, color, material) VALUES
(2, 2, 1, 6800, 'L', '深灰', '布料'),
(2, 4, 1, 1700, 'M', '淺藍', '金屬');

-- 訂單 3 (order_id = 3) - 王大華的訂單
INSERT INTO order_items (order_id, product_id, quantity, price, size, color, material) VALUES
(3, 6, 1, 15800, 'XL', '原木色', '實木'),
(3, 7, 1, 4500, 'M', '白色', '金屬'),
(3, 8, 1, 2500, 'L', '淺綠', '布料');

-- 訂單 4 (order_id = 4) - 張小明的第三個訂單
INSERT INTO order_items (order_id, product_id, quantity, price, size, color, material) VALUES
(4, 9, 2, 3200, 'M', '深藍', '塑膠'),
(4, 10, 1, 5900, 'L', '米黃色', '木質');

-- 訂單 5 (order_id = 5) - 李美麗的訂單
INSERT INTO order_items (order_id, product_id, quantity, price, size, color, material) VALUES
(5, 11, 1, 7300, 'L', '淺灰', '皮革'),
(5, 12, 1, 2500, 'S', '黑色', '金屬');

-- 訂單 6 (order_id = 6) - 王大華的第二個訂單
INSERT INTO order_items (order_id, product_id, quantity, price, size, color, material) VALUES
(6, 13, 1, 12800, 'XL', '深綠', '實木'),
(6, 14, 1, 3400, 'M', '白色', '玻璃'),
(6, 15, 1, 2500, 'L', '原木色', '竹');

-- 訂單 7 (order_id = 7) - 林小志的訂單
INSERT INTO order_items (order_id, product_id, quantity, price, size, color, material) VALUES
(7, 16, 1, 6500, 'M', '淺藍', '大理石');

-- 訂單 8 (order_id = 8) - 張小明的第四個訂單
INSERT INTO order_items (order_id, product_id, quantity, price, size, color, material) VALUES
(8, 17, 1, 18900, 'XL', '深灰', '實木'),
(8, 18, 1, 8700, 'L', '原木色', '皮革'),
(8, 19, 2, 4000, 'M', '白色', '藤');

-- 再增加一些更多樣化的訂單資料
INSERT INTO orders (order_number, user_id, total_amount, buyer_name, buyer_email, buyer_phone, recipient_name, recipient_phone, postal_code, address, create_at) VALUES
('202501110001', 2, 28500, '王大華', 'wang@email.com', '0923456789', '王太太', '0989012345', '60001', '600 嘉義市西區中山路88號', '2025-01-11 10:20:00'),
('202501110002', 3, 15200, '李美麗', 'li@email.com', '0945678901', '李先生', '0990123456', '24001', '240 新北市鶯歌區文化路200號', '2025-01-11 14:30:00');

-- 對應的訂單項目
INSERT INTO order_items (order_id, product_id, quantity, price, size, color, material) VALUES
(9, 20, 1, 22500, 'XL', '黑色', '實木'),
(9, 1, 1, 6000, 'L', '白色', '金屬');

INSERT INTO order_items (order_id, product_id, quantity, price, size, color, material) VALUES
(10, 2, 2, 6800, 'M', '淺綠', '布料'),
(10, 5, 1, 1600, 'S', '深藍', '塑膠');
ALTER TABLE orders ADD COLUMN order_status VARCHAR(50) DEFAULT 'pending' AFTER total_amount;
ALTER TABLE `order_items`
  ADD CONSTRAINT `order_items_ibfk_1` FOREIGN KEY (`order_id`) REFERENCES `orders` (`id`) ON DELETE CASCADE,
  ADD CONSTRAINT `order_items_ibfk_2` FOREIGN KEY (`product_id`) REFERENCES `products` (`id`);

--
-- 資料表的限制式 `products`
--
ALTER TABLE `products`
  ADD CONSTRAINT `fk_designer` FOREIGN KEY (`designer_id`) REFERENCES `designers` (`id`),
  ADD CONSTRAINT `products_ibfk_2` FOREIGN KEY (`category_id`) REFERENCES `products_category` (`category_id`) ON DELETE CASCADE ON UPDATE CASCADE;

--
-- 資料表的限制式 `product_colors`
--
ALTER TABLE `product_colors`
  ADD CONSTRAINT `product_colors_ibfk_1` FOREIGN KEY (`product_id`) REFERENCES `products` (`id`),
  ADD CONSTRAINT `product_colors_ibfk_2` FOREIGN KEY (`color_id`) REFERENCES `colors` (`id`);

--
-- 資料表的限制式 `product_img`
--
ALTER TABLE `product_img`
  ADD CONSTRAINT `product_img_ibfk_1` FOREIGN KEY (`product_id`) REFERENCES `products` (`id`) ON DELETE CASCADE ON UPDATE CASCADE;

--
-- 資料表的限制式 `product_sizes`
--
ALTER TABLE `product_sizes`
  ADD CONSTRAINT `product_sizes_ibfk_1` FOREIGN KEY (`product_id`) REFERENCES `products` (`id`),
  ADD CONSTRAINT `product_sizes_ibfk_2` FOREIGN KEY (`size_id`) REFERENCES `sizes` (`id`);

--
-- 資料表的限制式 `stocks`
--
ALTER TABLE `stocks`
  ADD CONSTRAINT `stocks_ibfk_1` FOREIGN KEY (`id`) REFERENCES `products` (`id`),
  ADD CONSTRAINT `stocks_ibfk_2` FOREIGN KEY (`color_id`) REFERENCES `colors` (`id`),
  ADD CONSTRAINT `stocks_ibfk_3` FOREIGN KEY (`size_id`) REFERENCES `sizes` (`id`);

--
-- 資料表的限制式 `style`
--
ALTER TABLE `style`
  ADD CONSTRAINT `style_ibfk_1` FOREIGN KEY (`product_id`) REFERENCES `products` (`id`);

--
-- 資料表的限制式 `users`
--
ALTER TABLE `users`
  ADD CONSTRAINT `fk_users_level` FOREIGN KEY (`level_id`) REFERENCES `user_levels` (`id`) ON DELETE SET NULL ON UPDATE CASCADE;

--
-- 資料表的限制式 `user_coupons`
--
ALTER TABLE `user_coupons`
  ADD CONSTRAINT `user_coupons_ibfk_1` FOREIGN KEY (`user_id`) REFERENCES `users` (`id`),
  ADD CONSTRAINT `user_coupons_ibfk_2` FOREIGN KEY (`coupon_id`) REFERENCES `coupons` (`id`);
COMMIT;

/*!40101 SET CHARACTER_SET_CLIENT=@OLD_CHARACTER_SET_CLIENT */;
/*!40101 SET CHARACTER_SET_RESULTS=@OLD_CHARACTER_SET_RESULTS */;
/*!40101 SET COLLATION_CONNECTION=@OLD_COLLATION_CONNECTION */;
-- 在你的 MySQL 資料庫中執行以下 SQL
USE your_database_name;

-- -- 客服人員表
-- CREATE TABLE IF NOT EXISTS service_agents (
--   id INT AUTO_INCREMENT PRIMARY KEY,
--   username VARCHAR(50) UNIQUE NOT NULL,
--   password VARCHAR(255) NOT NULL,
--   name VARCHAR(100) NOT NULL,
--   email VARCHAR(100),
--   status ENUM('online', 'busy', 'offline') DEFAULT 'offline',
--   max_chats INT DEFAULT 3,
--   current_chats INT DEFAULT 0,
--   department VARCHAR(50) DEFAULT '一般客服',
--   avatar VARCHAR(255),
--   created_at TIMESTAMP DEFAULT CURRENT_TIMESTAMP,
--   updated_at TIMESTAMP DEFAULT CURRENT_TIMESTAMP ON UPDATE CURRENT_TIMESTAMP
-- );

-- -- 客服對話表  
-- CREATE TABLE IF NOT EXISTS service_conversations (
--   id INT AUTO_INCREMENT PRIMARY KEY,
--   customer_id INT,
--   customer_name VARCHAR(100) NOT NULL,
--   customer_email VARCHAR(100),
--   agent_id INT,
--   status ENUM('waiting', 'active', 'ended') DEFAULT 'waiting',
--   started_at TIMESTAMP DEFAULT CURRENT_TIMESTAMP,
--   ended_at TIMESTAMP NULL,
--   updated_at TIMESTAMP DEFAULT CURRENT_TIMESTAMP ON UPDATE CURRENT_TIMESTAMP
-- );

-- -- 客服訊息表
-- CREATE TABLE IF NOT EXISTS service_messages (
--   id INT AUTO_INCREMENT PRIMARY KEY,
--   conversation_id INT NOT NULL,
--   sender_type ENUM('customer', 'agent', 'system') NOT NULL,
--   sender_id INT,
--   sender_name VARCHAR(100),
--   message TEXT NOT NULL,
--   message_type ENUM('text', 'image', 'file') DEFAULT 'text',
--   sent_at TIMESTAMP DEFAULT CURRENT_TIMESTAMP,
--   is_read BOOLEAN DEFAULT FALSE,
--   FOREIGN KEY (conversation_id) REFERENCES service_conversations(id) ON DELETE CASCADE
-- );

-- -- 插入測試客服帳號
-- INSERT INTO service_agents (username, password, name, email, department) VALUES
-- ('alice', '123456', '愛麗絲', 'alice@oakly.com', '一般客服'),
-- ('bob', '123456', '鮑伯', 'bob@oakly.com', '技術支援');