use oakly;

SET FOREIGN_KEY_CHECKS = 0;

-- SET FOREIGN_KEY_CHECKS = 1;

drop table users;

-- 會員
CREATE TABLE IF NOT EXISTS users (
  id         INT UNSIGNED NOT NULL AUTO_INCREMENT,
  name       VARCHAR(50)  NOT NULL,
  birthday   DATE DEFAULT NULL,
  email      VARCHAR(100) NOT NULL UNIQUE,
  password   VARCHAR(100) NOT NULL,
  phone      VARCHAR(20)  DEFAULT NULL,
  postcode   VARCHAR(10)  DEFAULT NULL,
  city       VARCHAR(50)  DEFAULT NULL,
  area       VARCHAR(50)  DEFAULT NULL,
  address    VARCHAR(255) DEFAULT NULL,
  avatar     VARCHAR(255) DEFAULT NULL,
  level_id   INT UNSIGNED DEFAULT 1,   -- 可為 NULL；預設 1
  is_valid   TINYINT(1) NOT NULL DEFAULT 1,
  created_at DATETIME DEFAULT CURRENT_TIMESTAMP,
  updated_at DATETIME DEFAULT CURRENT_TIMESTAMP ON UPDATE CURRENT_TIMESTAMP,
  PRIMARY KEY (id),
  CONSTRAINT fk_users_level
    FOREIGN KEY (level_id) REFERENCES user_levels(id)
    ON UPDATE CASCADE
    ON DELETE SET NULL,
  CHECK (is_valid IN (0,1))
);

-- CREATE TABLE `member_levels` (
--     id INT AUTO_INCREMENT NOT NULL PRIMARY KEY,
--     name VARCHAR(20)
-- );

-- 會員等級
CREATE TABLE IF NOT EXISTS user_levels (
  id   INT UNSIGNED NOT NULL AUTO_INCREMENT PRIMARY KEY,
  name VARCHAR(20) DEFAULT NULL,
  UNIQUE KEY uq_user_levels_name (name)
) ;

-- 我的最愛
CREATE TABLE IF NOT EXISTS favorites (
  id         INT UNSIGNED NOT NULL AUTO_INCREMENT PRIMARY KEY,
  user_id    INT UNSIGNED NOT NULL,
  product_id INT UNSIGNED NOT NULL,
  created_at DATETIME DEFAULT CURRENT_TIMESTAMP,
  updated_at DATETIME DEFAULT CURRENT_TIMESTAMP ON UPDATE CURRENT_TIMESTAMP,
  UNIQUE KEY uq_fav_user_product (user_id, product_id),
  KEY idx_fav_user (user_id),
  KEY idx_fav_product (product_id),
  CONSTRAINT fk_fav_user
    FOREIGN KEY (user_id) REFERENCES users(id)
    ON UPDATE CASCADE ON DELETE CASCADE,
  CONSTRAINT fk_fav_product
    FOREIGN KEY (product_id) REFERENCES products(id)
    ON UPDATE CASCADE ON DELETE CASCADE
);
-- UNSIGNED 不一致
-- product_id → INT UNSIGNED
-- id → INT
-- 必須一致，否則會錯。 

-- 收藏文章
CREATE TABLE IF NOT EXISTS bookmarks (
  id         INT UNSIGNED NOT NULL AUTO_INCREMENT PRIMARY KEY,
  user_id    INT UNSIGNED NOT NULL,
  article_id INT UNSIGNED NOT NULL,
  created_at DATETIME DEFAULT CURRENT_TIMESTAMP,
  updated_at DATETIME DEFAULT CURRENT_TIMESTAMP ON UPDATE CURRENT_TIMESTAMP,
  UNIQUE KEY uq_bookmark_user_article (user_id, article_id),
  KEY idx_bm_user (user_id),
  KEY idx_bm_article (article_id),
  CONSTRAINT fk_bm_user
    FOREIGN KEY (user_id) REFERENCES users(id)
    ON UPDATE CASCADE ON DELETE CASCADE,
  CONSTRAINT fk_bm_article
    FOREIGN KEY (article_id) REFERENCES articles(id)
    ON UPDATE CASCADE ON DELETE CASCADE
);
 

-- 優惠券
CREATE TABLE coupons (
    id INT AUTO_INCREMENT NOT NULL PRIMARY KEY,
    name VARCHAR(50) NOT NULL,
    code VARCHAR(20),
    discount_type TINYINT(1) NOT NULL,
    discount DECIMAL(7, 2) NOT NULL,
    min_discount INT DEFAULT 0,
    max_amount INT DEFAULT NULL,
    start_at DATE,
    end_at DATE,
    valid_days INT DEFAULT NULL,
    is_valid TINYINT(1) DEFAULT 1,
    created_at DATETIME DEFAULT CURRENT_TIMESTAMP
);

CREATE TABLE coupon_categories (
    id INT AUTO_INCREMENT PRIMARY KEY NOT NULL,
    coupon_id INT NOT NULL,
    category_id INT NOT NULL,
    FOREIGN KEY (coupon_id) REFERENCES coupons (id),
    FOREIGN KEY (category_id) REFERENCES products_category (id)
);

CREATE TABLE coupon_level (
    id INT AUTO_INCREMENT PRIMARY KEY NOT NULL,
    coupon_id INT NOT NULL,
    level_id INT UNSIGNED NOT NULL,
    FOREIGN KEY (coupon_id) REFERENCES coupons (id),
    FOREIGN KEY (level_id) REFERENCES user_levels (id)
);

CREATE TABLE user_coupons (
    id INT AUTO_INCREMENT PRIMARY KEY NOT NULL,
    user_id INT UNSIGNED NOT NULL,
    coupon_id INT NOT NULL,
    get_at DATETIME,
    used_at DATETIME,
    expire_at DATETIME,
    status TINYINT(1) DEFAULT 0,
    FOREIGN KEY (user_id) REFERENCES users (id),
    FOREIGN KEY (coupon_id) REFERENCES coupons (id)
);

-- 文章
CREATE TABLE articles (
    id INT UNSIGNED NOT NULL AUTO_INCREMENT PRIMARY KEY,
    title VARCHAR(100),
    content VARCHAR(500),
    author VARCHAR(20),
    article_category_id INT NOT NULL,
    published_date DATETIME DEFAULT CURRENT_TIMESTAMP,
    FOREIGN KEY (`article_category_id`) REFERENCES article_category (`id`)
);

CREATE TABLE `article_category` (
    id INT NOT NULL AUTO_INCREMENT PRIMARY KEY,
    name VARCHAR(20)
);

CREATE TABLE `article_img` (
    id INT NOT NULL AUTO_INCREMENT PRIMARY KEY,
    article_id INT UNSIGNED NOT NULL,
    img VARCHAR(500),
    FOREIGN KEY (`article_id`) REFERENCES articles (`id`)
);

-- 文章追蹤
CREATE TABLE article_tracking (
    id INT AUTO_INCREMENT PRIMARY KEY,
    article_id INT UNSIGNED NOT NULL,
    user_id INT UNSIGNED NULL,
    event_type ENUM('view', 'like', 'share') NOT NULL,
    event_data JSON,
    create_at DATETIME DEFAULT CURRENT_TIMESTAMP,
    FOREIGN KEY (article_id) REFERENCES articles (id),
    FOREIGN KEY (user_id) REFERENCES users(id)
);

-- 商品
CREATE TABLE `products` (
    `id` INT UNSIGNED NOT NULL auto_increment PRIMARY KEY,
    `name` VARCHAR(100),
    `products_category_id` INT NOT NULL,
    `description` VARCHAR(500),
    `price` INT NOT NULL,
    `quantity` INT NOT NULL,
    `created_at` DATETIME DEFAULT CURRENT_TIMESTAMP,
    `upload_at` DATETIME DEFAULT CURRENT_TIMESTAMP ON UPDATE CURRENT_TIMESTAMP,
    `is_valid` TINYINT NOT NULL DEFAULT 1,
    `product_img` VARCHAR(500),
    `style` VARCHAR(500),
    `shipping` VARCHAR(20),
    `colors_id` INT NOT NULL,
    `designers_id` INT NOT NULL,
    `materials_id` INT NOT NULL,
    `sizes_id` INT NOT NULL,
    `stocks_id` INT NOT NULL,
    FOREIGN KEY (`products_category_id`) REFERENCES products_category (`id`),
    FOREIGN KEY (`colors_id`) REFERENCES colors (`id`),
    FOREIGN KEY (`designers_id`) REFERENCES designers (`id`),
    FOREIGN KEY (`materials_id`) REFERENCES materials (`id`),
    FOREIGN KEY (`sizes_id`) REFERENCES sizes (`id`),
    FOREIGN KEY (`stocks_id`) REFERENCES stocks (`id`)
);

CREATE TABLE `products_category` (
    `id` INT NOT NULL auto_increment PRIMARY KEY,
    `name` VARCHAR(30)
);

-- 用戶預約記錄主表
CREATE TABLE bookings (
    id INT PRIMARY KEY AUTO_INCREMENT,
    user_id INT UNSIGNED NOT NULL,
    city VARCHAR(20) NOT NULL,
    district VARCHAR(20) NOT NULL,
    address VARCHAR(100) NOT NULL,
    organizer_id INT NOT NULL,
    price INT DEFAULT NULL,
    service_datetime DATETIME NOT NULL,
    note VARCHAR(255),
    status TINYINT(1) NOT NULL DEFAULT 1 COMMENT '1=諮詢中，2=預約成功，3=服務完成，4=已取消',
    is_valid TINYINT(1) NOT NULL DEFAULT 1 COMMENT '1=有效，0=刪除',
    created_at DATETIME DEFAULT CURRENT_TIMESTAMP,
    FOREIGN KEY (organizer_id) REFERENCES organizers (id),
    FOREIGN KEY (user_id) REFERENCES users (id)
);

-- 用戶家裡環境圖片
CREATE TABLE booking_images (
    id INT PRIMARY KEY AUTO_INCREMENT,
    booking_id INT NOT NULL,
    image_url VARCHAR(500) NOT NULL,
    created_at DATETIME DEFAULT CURRENT_TIMESTAMP,
    FOREIGN KEY (booking_id) REFERENCES bookings (id) ON DELETE CASCADE
);

-- 整理師表
CREATE TABLE organizers (
    id INT PRIMARY KEY AUTO_INCREMENT,
    name VARCHAR(20) NOT NULL,
    photo VARCHAR(500),
    introduction VARCHAR(100),
    region TINYINT(1) NOT NULL,
    is_valid TINYINT(1) NOT NULL DEFAULT 1,
    created_at DATETIME DEFAULT CURRENT_TIMESTAMP
);

-- 商品留言
CREATE TABLE comments (
    id INT AUTO_INCREMENT PRIMARY KEY,
    user_id INT UNSIGNED NOT NULL,
    product_id INT UNSIGNED NOT NULL,
    comment TEXT NOT NULL,
    created_at TIMESTAMP DEFAULT CURRENT_TIMESTAMP,
    FOREIGN KEY (user_id) REFERENCES users (id),
    FOREIGN KEY (product_id) REFERENCES products (id)
);
-- 顏色表
CREATE TABLE colors (
    id INT PRIMARY KEY AUTO_INCREMENT,
    color_name VARCHAR(50)
);

-- 商品與顏色關聯表（多對多）
CREATE TABLE product_colors (
    id INT,
    color_id INT,
    product_id INT UNSIGNED NOT NULL,
    PRIMARY KEY (product_id, color_id),
    FOREIGN KEY (product_id) REFERENCES products (id),
    FOREIGN KEY (color_id) REFERENCES colors (id)
);

-- 設計師
CREATE TABLE designers (
    id INT PRIMARY KEY AUTO_INCREMENT,
    name VARCHAR(100)
);

-- 材質
CREATE TABLE materials (
    id INT PRIMARY KEY AUTO_INCREMENT,
    material_name VARCHAR(100)
);

-- 尺寸
CREATE TABLE sizes (
    id INT PRIMARY KEY AUTO_INCREMENT,
    size_label VARCHAR(50)
);

-- 商品-尺寸（多對多）
CREATE TABLE product_sizes (
    id INT,
    size_id INT,
    product_id INT UNSIGNED NOT NULL,
    PRIMARY KEY (product_id, size_id),
    FOREIGN KEY (product_id) REFERENCES products (id),
    FOREIGN KEY (size_id) REFERENCES sizes (id)
);

CREATE TABLE stock (
    id INT,
    color_id INT,
    size_id INT,
    amount INT DEFAULT 0,
    PRIMARY KEY (id, color_id, size_id),
    FOREIGN KEY (color_id) REFERENCES colors (id),
    FOREIGN KEY (size_id) REFERENCES sizes (id)
);

-- 訂單表
CREATE TABLE orders(
    id INT AUTO_INCREMENT PRIMARY KEY,
    order_number VARCHAR(20) NOT NULL UNIQUE,
    user_id INT UNSIGNED NOT NULL,
    total_amount INT NOT NULL,
    create_at DATETIME DEFAULT CURRENT_TIMESTAMP,
        -- 訂購人資訊
	buyer_name VARCHAR(100) NOT NULL,
    buyer_email VARCHAR(100),
    buyer_phone VARCHAR(20),
        -- 收件人資訊
    recipient_name VARCHAR(100) NOT NULL,
    recipient_phone VARCHAR(20) NOT NULL,
    postal_code VARCHAR(20) NOT NULL,
    address VARCHAR(255) NOT NULL,
    FOREIGN KEY (user_id) REFERENCES users(id)
);

-- 訂單商品表
CREATE TABLE order_items(
    id INT AUTO_INCREMENT PRIMARY KEY NOT NULL,
    order_id INT NOT NULL,
    product_id INT UNSIGNED NOT NULL,
    quantity INT NOT NULL,
    price INT NOT NULL,
    size VARCHAR(10),
    color VARCHAR(30),
    material VARCHAR(30),
    FOREIGN KEY(order_id) REFERENCES orders(id) ON DELETE CASCADE,
    FOREIGN KEY(product_id) REFERENCES products(id)
)

-- 商品補充
-- --------------------------------------------------------
INSERT INTO `colors` (`id`, `color_name`) VALUES
(1, '白色'),
(2, '黑色'),
(3, '原木色'),
(4, '淺灰'),
(5, '深灰'),
(6, '淺藍'),
(7, '深藍'),
(8, '淺綠'),
(9, '深綠'),
(10, '米黃色');

-- --------------------------------------------------------

INSERT INTO `designers` (`id`, `name`) VALUES
(1, 'Charles and Ray Eames'),
(2, 'Isamu Noguchi'),
(3, 'Le Corbusier'),
(4, 'Eero Saarinen'),
(5, 'Arne Jacobsen'),
(6, 'Hans Wegner'),
(7, 'Josef Frank'),
(8, 'Piero Fornasetti'),
(9, 'Frank Lloyd Wright'),
(10, 'Eileen Gray'),
(11, 'Ludwig Mies van der Rohe'),
(12, 'Verner Panton'),
(13, 'Dieter Rams'),
(14, 'Konstantin Grcic'),
(15, 'Charlotte Perriand');

-- --------------------------------------------------------
INSERT INTO `materials` (`id`, `material_name`) VALUES
(1, '木質 / Wood'),
(2, '金屬 / Metal'),
(3, '塑膠 / Plastic'),
(4, '皮革 / Leather'),
(5, '布料 / Fabric'),
(6, '玻璃 / Glass'),
(7, '大理石 / Marble'),
(8, '藤 / Rattan'),
(9, '亞克力 / Acrylic'),
(10, '竹 / Bamboo');

-- --------------------------------------------------------

INSERT INTO `materials_list` (`product_id`, `materials_id`) VALUES
(1, 1),
(1, 3),
(1, 5),
(2, 2),
(2, 4),
(2, 6),
(3, 1),
(3, 2),
(3, 7),
(4, 3),
(4, 5),
(4, 8),
(5, 2),
(5, 6),
(5, 9),
(6, 1),
(6, 4),
(6, 7),
(7, 3),
(7, 5),
(7, 10),
(8, 2),
(8, 4),
(8, 6),
(9, 1),
(9, 3),
(9, 8),
(10, 2),
(10, 5),
(10, 9),
(11, 1),
(11, 4),
(11, 7),
(12, 3),
(12, 6),
(12, 10),
(13, 2),
(13, 5),
(13, 8),
(14, 1),
(14, 3),
(14, 9),
(15, 2),
(15, 4),
(15, 7),
(16, 1),
(16, 5),
(16, 8),
(17, 3),
(17, 6),
(18, 2),
(18, 5),
(18, 9),
(19, 1),
(19, 3),
(19, 7),
(20, 2),
(20, 4),
(20, 6),
(21, 1),
(21, 5),
(21, 8),
(22, 3),
(22, 6),
(22, 10),
(23, 2),
(23, 4),
(23, 7),
(24, 1),
(24, 3),
(24, 9),
(25, 2),
(25, 5),
(25, 8),
(26, 1),
(26, 4),
(26, 6),
(27, 3),
(27, 7),
(27, 10),
(28, 2),
(28, 5),
(28, 9),
(29, 1),
(29, 3),
(29, 6),
(30, 2),
(30, 4),
(30, 7),
(31, 1),
(31, 5),
(31, 8),
(32, 3),
(32, 6),
(32, 10),
(33, 2),
(33, 4),
(33, 9),
(34, 1),
(34, 3),
(34, 7);

-- --------------------------------------------------------
INSERT INTO `products_category` (`category_id`, `category_name`) VALUES
(1, '客廳'),
(2, '餐廳/廚房'),
(3, '臥室'),
(4, '兒童房'),
(5, '辦公空間'),
(6, '收納用品'),
(7, '廚房');

-- -------------------------------------------------------
INSERT INTO `product_colors` (`product_id`, `color_id`) VALUES
(1, 2),
(1, 5),
(1, 9),
(2, 1),
(2, 4),
(2, 10),
(3, 2),
(3, 3),
(3, 6),
(3, 8),
(4, 2),
(4, 7),
(4, 10),
(5, 1),
(5, 3),
(5, 8),
(6, 2),
(6, 4),
(6, 6),
(6, 7),
(7, 5),
(7, 6),
(7, 7),
(7, 9),
(8, 1),
(8, 2),
(8, 3),
(8, 8),
(8, 10),
(9, 2),
(9, 5),
(9, 7),
(10, 2),
(10, 4),
(10, 6),
(10, 7),
(10, 8),
(11, 1),
(11, 5),
(11, 7),
(11, 9),
(12, 3),
(12, 4),
(12, 5),
(12, 10),
(13, 2),
(13, 4),
(13, 7),
(13, 10),
(14, 6),
(14, 8),
(14, 9),
(15, 1),
(15, 2),
(15, 4),
(15, 10),
(16, 3),
(16, 6),
(16, 7),
(16, 8),
(17, 1),
(17, 2),
(17, 5),
(17, 6),
(17, 8),
(18, 1),
(18, 3),
(18, 4),
(18, 9),
(19, 3),
(19, 4),
(19, 6),
(19, 10),
(20, 2),
(20, 7),
(20, 8),
(20, 10),
(21, 1),
(21, 3),
(21, 5),
(21, 9),
(22, 3),
(22, 4),
(22, 10),
(23, 2),
(23, 6),
(23, 8),
(24, 1),
(24, 2),
(24, 7),
(24, 9),
(25, 2),
(25, 3),
(25, 5),
(25, 10),
(26, 2),
(26, 4),
(26, 8),
(26, 10),
(27, 1),
(27, 6),
(27, 7),
(27, 9),
(28, 1),
(28, 3),
(28, 7),
(28, 10),
(29, 2),
(29, 5),
(29, 6),
(29, 7),
(29, 8),
(30, 4),
(30, 6),
(30, 9),
(31, 2),
(32, 9),
(33, 10),
(34, 2),
(34, 5),
(35, 10),
(36, 5),
(37, 1),
(38, 3),
(39, 10),
(40, 3),
(40, 10),
(41, 3),
(41, 10),
(42, 2),
(42, 9),
(43, 5),
(44, 7),
(44, 9),
(45, 10),
(46, 10),
(47, 10),
(48, 7),
(49, 5),
(50, 3),
(51, 10),
(52, 1),
(53, 4),
(53, 10),
(54, 2),
(54, 5),
(55, 4),
(55, 5),
(56, 10),
(57, 3),
(57, 9),
(58, 4),
(59, 1),
(60, 1),
(61, 2),
(61, 9),
(62, 5),
(63, 9),
(63, 10),
(64, 4),
(65, 8),
(66, 9),
(67, 2),
(68, 1),
(69, 9),
(70, 2),
(70, 7),
(71, 3),
(72, 9),
(73, 3),
(74, 1),
(74, 7),
(75, 2),
(76, 9),
(77, 7),
(78, 1),
(78, 6),
(79, 1),
(80, 4),
(80, 5),
(81, 3),
(82, 9),
(83, 3),
(84, 10),
(85, 10),
(86, 10),
(87, 9),
(88, 4),
(88, 7),
(89, 3),
(90, 1),
(90, 9),
(91, 6),
(92, 6),
(92, 7),
(93, 7),
(93, 8),
(94, 7),
(95, 1),
(96, 2),
(96, 8),
(97, 8),
(98, 3),
(99, 1),
(100, 5),
(101, 4),
(102, 2),
(103, 7),
(103, 8),
(104, 1),
(105, 2),
(106, 5),
(107, 8),
(107, 10),
(108, 1),
(108, 6),
(109, 9),
(110, 4),
(110, 10),
(111, 5),
(111, 9),
(112, 2),
(113, 5),
(114, 9),
(115, 10),
(116, 3),
(117, 2),
(117, 5),
(118, 4),
(119, 1),
(119, 10),
(120, 10),
(121, 8),
(122, 1),
(123, 9),
(124, 1),
(125, 10),
(126, 7),
(127, 2),
(162, 9);

-- --------------------------------------------------------

CREATE TABLE `product_img` (
  `id` int(11) NOT NULL,
  `product_id` int(11) NOT NULL,
  `img` varchar(500) DEFAULT NULL
) ENGINE=InnoDB DEFAULT CHARSET=utf8mb4 COLLATE=utf8mb4_general_ci;


INSERT INTO `product_img` (`id`, `product_id`, `img`) VALUES
(1, 1, '1749927241.jpg'),
(2, 1, '1749927235.jpg'),
(3, 1, '1749927236.jpg'),
(4, 1, '1749927237.jpg'),
(5, 4, '1749927476.jpg'),
(6, 4, '1749927465.jpg'),
(7, 5, '1749928469.jpg'),
(8, 5, '1749928461.jpg'),
(9, 5, '1749928462.jpg'),
(10, 5, '1749928463.jpg'),
(11, 5, '1749928464.jpg'),
(12, 5, '1749928465.jpg'),
(15, 10, '1749930374.jpg'),
(16, 10, '1749930283.jpg'),
(17, 10, '1749930284.jpg'),
(18, 7, '1749930430.jpg'),
(19, 7, '1749930424.jpg'),
(20, 8, '1749930592.jpeg'),
(21, 8, '1749930536.jpg'),
(29, 3, '1749931025.jpg'),
(30, 3, '1749930958.jpg'),
(31, 3, '1749930959.jpg'),
(32, 3, '1749930960.jpg'),
(33, 3, '1749930961.jpg'),
(34, 3, '1749930962.jpg'),
(35, 3, '1749930963.jpg'),
(36, 2, '1749931174.jpg'),
(37, 2, '1749931169.jpg'),
(38, 2, '1749931170.jpg'),
(39, 2, '1749931171.jpg'),
(40, 11, '1749931346.jpeg'),
(41, 11, '1749931315.jpg'),
(42, 11, '1749931316.jpg'),
(43, 11, '1749931317.jpg'),
(44, 11, '1749931318.jpg'),
(45, 13, '1749931657.jpg'),
(46, 13, '1749931649.jpg'),
(47, 94, '1749932158.jpg'),
(48, 94, '1749932152.jpg'),
(49, 94, '1749932153.jpg'),
(50, 94, '1749932154.jpg'),
(51, 20, '1749932774.jpg'),
(52, 20, '1749932757.jpg'),
(53, 20, '1749932758.jpg'),
(54, 20, '1749932759.jpg'),
(55, 20, '1749932762.jpg'),
(56, 14, '1749932823.jpg'),
(57, 14, '1749932818.jpg'),
(58, 14, '1749932819.jpg'),
(59, 14, '1749932820.jpg'),
(60, 14, '1749932821.jpg'),
(61, 19, '1749932855.jpg'),
(62, 19, '1749932851.jpg'),
(63, 15, '1749932894.jpg'),
(64, 15, '1749932889.jpg'),
(65, 15, '1749932890.jpg'),
(66, 15, '1749932891.jpg'),
(67, 31, '1749933552.jpg'),
(68, 31, '1749933548.jpg'),
(69, 12, '1749962636.jpg'),
(70, 12, '1749962630.jpg'),
(71, 12, '1749962631.jpg'),
(72, 16, '1749966048.jpg'),
(73, 16, '1749966043.jpg'),
(74, 16, '1749966044.jpg'),
(75, 16, '1749966045.jpg'),
(76, 16, '1749966046.jpg'),
(77, 17, '1749966140.jpg'),
(78, 17, '1749966135.jpg'),
(79, 17, '1749966136.jpg'),
(80, 17, '1749966137.jpg'),
(81, 18, '1749966215.jpg'),
(82, 18, '1749966209.jpg'),
(83, 18, '1749966210.jpg'),
(84, 18, '1749966211.jpg'),
(85, 68, '1749966568.jpeg'),
(86, 68, '1749966332.jpg'),
(87, 68, '1749966333.jpg'),
(88, 68, '1749966334.jpg'),
(89, 68, '1749966335.jpg'),
(90, 64, '1749966500.jpg'),
(91, 64, '1749966495.jpg'),
(92, 64, '1749966496.jpg'),
(93, 64, '1749966497.jpg'),
(94, 64, '1749966498.jpg'),
(95, 63, '1749966602.jpg'),
(96, 63, '1749966598.jpg'),
(97, 63, '1749966599.jpg'),
(98, 63, '1749966600.jpg'),
(99, 62, '1749966813.jpg'),
(100, 62, '1749966623.jpg'),
(101, 62, '1749966807.jpg'),
(102, 62, '1749966808.jpg'),
(103, 62, '1749966809.jpg'),
(104, 62, '1749966810.jpg'),
(105, 66, '1749966936.jpg'),
(106, 66, '1749966932.jpg'),
(107, 61, '1749967168.jpeg'),
(108, 61, '1749967101.jpg'),
(109, 61, '1749967102.jpg'),
(110, 61, '1749967103.jpg'),
(111, 61, '1749967104.jpg'),
(112, 67, '1749967239.jpg'),
(113, 67, '1749967235.jpg'),
(114, 67, '1749967236.jpg'),
(115, 67, '1749967237.jpg'),
(116, 69, '1749967294.jpg'),
(117, 69, '1749967290.jpg'),
(118, 65, '1749967374.jpg'),
(119, 65, '1749967369.jpg'),
(120, 65, '1749967370.jpg'),
(121, 65, '1749967371.jpg'),
(122, 65, '1749967372.jpg'),
(123, 65, '1749967373.jpg'),
(124, 70, '1749967442.jpg'),
(125, 70, '1749967438.jpg'),
(126, 70, '1749967439.jpg'),
(127, 70, '1749967440.jpg'),
(128, 71, '1749967512.jpg'),
(129, 71, '1749967508.jpg'),
(130, 71, '1749967509.jpg'),
(131, 72, '1749967643.jpg'),
(132, 72, '1749967631.jpg'),
(133, 72, '1749967632.jpg'),
(134, 72, '1749967633.jpg'),
(135, 72, '1749967634.jpg'),
(136, 72, '1749967635.jpg'),
(137, 72, '1749967636.jpg'),
(138, 72, '1749967637.jpg'),
(139, 75, '1749967674.jpg'),
(140, 75, '1749967669.jpg'),
(141, 75, '1749967670.jpg'),
(142, 75, '1749967671.jpg'),
(143, 75, '1749967672.jpg'),
(144, 75, '1749967673.jpg'),
(145, 75, '1749967674.jpg'),
(146, 75, '1749967675.jpg'),
(147, 75, '1749967676.jpg'),
(148, 75, '1749967677.jpg'),
(149, 75, '1749967678.jpg'),
(150, 75, '1749967679.jpg'),
(151, 74, '1749967783.jpg'),
(152, 74, '1749967774.jpg'),
(153, 74, '1749967775.jpg'),
(154, 74, '1749967778.jpg'),
(155, 73, '1749967810.jpg'),
(156, 73, '1749967805.jpg'),
(157, 73, '1749967806.jpg'),
(158, 73, '1749967807.jpg'),
(159, 73, '1749967808.jpg'),
(160, 73, '1749967809.jpg'),
(161, 73, '1749967810.jpg'),
(162, 73, '1749967811.jpg'),
(163, 82, '1749967846.jpg'),
(164, 82, '1749967841.jpg'),
(165, 82, '1749967842.jpg'),
(166, 82, '1749967843.jpg'),
(167, 82, '1749967844.jpg'),
(168, 76, '1749967963.jpg'),
(169, 76, '1749967959.jpg'),
(170, 76, '1749967960.jpg'),
(171, 76, '1749967961.jpg'),
(172, 77, '1749968044.jpeg'),
(173, 77, '1749967991.jpg'),
(174, 77, '1749967992.jpg'),
(175, 79, '1749968153.jpeg'),
(176, 79, '1749968073.jpg'),
(177, 79, '1749968074.jpg'),
(178, 79, '1749968075.jpg'),
(179, 78, '1749968330.jpg'),
(180, 78, '1749968326.jpg'),
(181, 78, '1749968327.jpg'),
(182, 78, '1749968328.jpg'),
(183, 80, '1749968356.jpg'),
(184, 80, '1749968350.jpg'),
(185, 80, '1749968351.jpg'),
(186, 80, '1749968352.jpg'),
(187, 81, '1749968404.jpg'),
(188, 81, '1749968394.jpg'),
(189, 81, '1749968395.jpg'),
(190, 81, '1749968396.jpg'),
(191, 81, '1749968398.jpg'),
(192, 50, '1749968489.jpg'),
(193, 50, '1749968483.jpg'),
(194, 50, '1749968484.jpg'),
(195, 50, '1749968485.jpg'),
(196, 50, '1749968486.jpg'),
(197, 50, '1749968487.jpg'),
(198, 50, '1749968488.jpg'),
(199, 50, '1749968489.jpg'),
(200, 50, '1749968490.jpg'),
(201, 50, '1749968491.jpg'),
(202, 45, '1749968536.jpg'),
(203, 45, '1749968530.jpg'),
(204, 45, '1749968531.jpg'),
(205, 45, '1749968532.jpg'),
(206, 45, '1749968533.jpg'),
(207, 45, '1749968534.jpg'),
(208, 45, '1749968535.jpg'),
(209, 45, '1749968536.jpg'),
(210, 45, '1749968537.jpg'),
(211, 45, '1749968538.jpg'),
(212, 45, '1749968539.jpg'),
(213, 45, '1749968540.jpg'),
(214, 48, '1749968696.jpg'),
(215, 48, '1749968691.jpg'),
(216, 44, '1749968779.jpg'),
(217, 44, '1749968775.jpg'),
(218, 44, '1749968776.jpg'),
(219, 44, '1749968777.jpg'),
(220, 43, '1749968802.jpg'),
(221, 43, '1749968798.jpg'),
(222, 43, '1749968799.jpg'),
(223, 42, '1749968847.jpg'),
(224, 42, '1749968820.jpg'),
(225, 42, '1749968821.jpg'),
(226, 42, '1749968822.jpg'),
(227, 42, '1749968823.jpg'),
(228, 42, '1749968825.jpg'),
(229, 42, '1749968826.jpg'),
(230, 42, '1749968827.jpg'),
(231, 47, '1749968884.jpg'),
(232, 47, '1749968867.jpg'),
(233, 47, '1749968868.jpg'),
(234, 47, '1749968876.jpg'),
(235, 49, '1749968984.jpg'),
(236, 49, '1749968972.jpg'),
(237, 49, '1749968976.jpg'),
(238, 46, '1749969072.jpg'),
(239, 46, '1749969067.jpg'),
(240, 46, '1749969068.jpg'),
(241, 46, '1749969069.jpg'),
(242, 41, '1749969203.jpeg'),
(243, 24, '1749969244.jpg'),
(244, 24, '1749969231.jpg'),
(245, 24, '1749969232.jpg'),
(246, 24, '1749969233.jpg'),
(247, 24, '1749969239.jpg'),
(248, 24, '1749969240.jpg'),
(249, 26, '1749969288.jpg'),
(250, 26, '1749969276.jpg'),
(251, 26, '1749969281.jpg'),
(252, 26, '1749969282.jpg'),
(253, 26, '1749969283.jpg'),
(254, 26, '1749969284.jpg'),
(255, 26, '1749969285.jpg'),
(256, 21, '1749969380.jpg'),
(257, 21, '1749969376.jpg'),
(258, 21, '1749969377.jpg'),
(259, 21, '1749969378.jpg'),
(260, 27, '1749969465.jpg'),
(261, 27, '1749969460.jpg'),
(262, 27, '1749969461.jpg'),
(265, 23, '1749969559.jpg'),
(266, 23, '1749969555.jpg'),
(267, 23, '1749969556.jpg'),
(268, 23, '1749969557.jpg'),
(269, 28, '1749969614.jpg'),
(270, 28, '1749969604.jpg'),
(271, 28, '1749969605.jpg'),
(272, 28, '1749969606.jpg'),
(273, 28, '1749969609.jpg'),
(274, 28, '1749969610.jpg'),
(275, 25, '1749969728.jpg'),
(276, 25, '1749969725.jpg'),
(277, 30, '1749969797.jpeg'),
(278, 30, '1749969748.jpg'),
(279, 30, '1749969749.jpg'),
(280, 30, '1749969750.jpg'),
(281, 29, '1749969877.jpg'),
(282, 29, '1749969873.jpg'),
(283, 38, '1749969971.jpg'),
(284, 38, '1749969963.jpg'),
(285, 38, '1749969964.jpg'),
(286, 38, '1749969965.jpg'),
(287, 38, '1749969966.jpg'),
(288, 35, '1749970084.jpg'),
(289, 35, '1749970079.jpg'),
(290, 35, '1749970080.jpg'),
(291, 35, '1749970081.jpg'),
(292, 35, '1749970082.jpg'),
(293, 35, '1749970083.jpg'),
(294, 37, '1749970178.jpg'),
(295, 37, '1749970175.jpg'),
(296, 37, '1749970176.jpg'),
(297, 34, '1749970250.jpeg'),
(298, 34, '1749970204.jpg'),
(299, 34, '1749970205.jpg'),
(300, 34, '1749970206.jpg'),
(301, 34, '1749970207.jpg'),
(302, 39, '1749970379.jpeg'),
(303, 39, '1749970357.jpg'),
(304, 39, '1749970358.jpg'),
(305, 39, '1749970359.jpg'),
(306, 36, '1749970455.jpg'),
(307, 36, '1749970451.jpg'),
(308, 33, '1749970585.jpg'),
(309, 33, '1749970581.jpg'),
(310, 32, '1749970725.jpg'),
(311, 32, '1749970722.jpg'),
(312, 40, '1749970801.jpg'),
(313, 40, '1749970797.jpg'),
(314, 40, '1749970798.jpg'),
(315, 54, '1749970912.jpg'),
(316, 54, '1749970893.jpg'),
(317, 54, '1749970894.jpg'),
(318, 51, '1749970982.jpg'),
(319, 51, '1749970976.jpg'),
(320, 51, '1749970977.jpg'),
(321, 51, '1749970978.jpg'),
(322, 52, '1749971117.jpg'),
(323, 52, '1749971112.jpg'),
(324, 52, '1749971113.jpg'),
(325, 52, '1749971114.jpg'),
(326, 57, '1749971405.jpg'),
(327, 57, '1749971401.jpg'),
(328, 57, '1749971402.jpg'),
(329, 60, '1749971514.jpg'),
(330, 60, '1749971501.jpg'),
(331, 55, '1749971598.jpg'),
(332, 55, '1749971581.jpg'),
(333, 55, '1749971582.jpg'),
(334, 55, '1749971583.jpg'),
(335, 59, '1749971686.jpg'),
(336, 59, '1749971667.jpg'),
(337, 59, '1749971668.jpg'),
(338, 59, '1749971669.jpg'),
(339, 59, '1749971670.jpg'),
(340, 59, '1749971671.jpg'),
(341, 53, '1749971807.jpg'),
(342, 53, '1749971793.jpg'),
(343, 53, '1749971794.jpg'),
(344, 53, '1749971795.jpg'),
(345, 53, '1749971796.jpg'),
(346, 53, '1749971797.jpg'),
(347, 53, '1749971798.jpg'),
(348, 56, '1749971879.jpg'),
(349, 56, '1749971869.jpg'),
(350, 56, '1749971870.jpg'),
(351, 58, '1749971983.jpg'),
(352, 58, '1749971975.jpg'),
(353, 84, '1749972116.jpg'),
(354, 84, '1749972103.jpg'),
(355, 83, '1749972215.jpg'),
(356, 83, '1749972192.jpg'),
(357, 83, '1749972193.jpg'),
(358, 86, '1749972246.jpg'),
(359, 86, '1749972241.jpg'),
(360, 86, '1749972242.jpg'),
(361, 86, '1749972243.jpg'),
(362, 86, '1749972244.jpg'),
(363, 86, '1749972245.jpg'),
(364, 86, '1749972246.jpg'),
(371, 87, '1749972422.jpg'),
(372, 87, '1749972417.jpg'),
(373, 87, '1749972418.jpg'),
(374, 87, '1749972419.jpg'),
(375, 87, '1749972420.jpg'),
(376, 88, '1749972452.jpg'),
(377, 88, '1749972447.jpg'),
(378, 88, '1749972448.jpg'),
(379, 88, '1749972449.jpg'),
(380, 88, '1749972450.jpg'),
(381, 88, '1749972451.jpg'),
(382, 88, '1749972452.jpg'),
(383, 88, '1749972453.jpg'),
(384, 88, '1749972454.jpg'),
(385, 88, '1749972455.jpg'),
(386, 88, '1749972456.jpg'),
(387, 88, '1749972457.jpg'),
(388, 85, '1749972476.jpg'),
(389, 85, '1749972471.jpg'),
(390, 85, '1749972472.jpg'),
(391, 85, '1749972473.jpg'),
(392, 85, '1749972474.jpg'),
(393, 85, '1749972475.jpg'),
(394, 85, '1749972476.jpg'),
(395, 89, '1749972503.jpg'),
(396, 89, '1749972498.jpg'),
(397, 89, '1749972499.jpg'),
(398, 89, '1749972500.jpg'),
(399, 89, '1749972501.jpg'),
(400, 89, '1749972502.jpg'),
(401, 89, '1749972503.jpg'),
(402, 90, '1749972613.jpg'),
(403, 90, '1749972608.jpg'),
(404, 90, '1749972609.jpg'),
(405, 90, '1749972610.jpg'),
(406, 90, '1749972611.jpg'),
(407, 90, '1749972612.jpg'),
(408, 91, '1749972714.jpg'),
(409, 91, '1749972710.jpg'),
(410, 91, '1749972711.jpg'),
(411, 91, '1749972712.jpg'),
(412, 91, '1749972713.jpg'),
(413, 92, '1749972758.jpg'),
(414, 92, '1749972752.jpg'),
(415, 92, '1749972753.jpg'),
(416, 92, '1749972754.jpg'),
(417, 92, '1749972755.jpg'),
(418, 92, '1749972756.jpg'),
(419, 93, '1749972942.jpg'),
(420, 93, '1749972926.jpg'),
(421, 93, '1749972927.jpg'),
(422, 93, '1749972928.jpg'),
(423, 93, '1749972929.jpg'),
(424, 93, '1749972930.jpg'),
(425, 100, '1749972982.jpg'),
(426, 100, '1749972975.jpg'),
(427, 100, '1749972976.jpg'),
(428, 100, '1749972977.jpg'),
(429, 100, '1749972978.jpg'),
(430, 100, '1749972979.jpg'),
(431, 100, '1749972980.jpg'),
(432, 100, '1749972981.jpg'),
(433, 100, '1749972982.jpg'),
(434, 100, '1749972983.jpg'),
(435, 97, '1749973064.jpg'),
(436, 97, '1749973049.jpg'),
(437, 97, '1749973050.jpg'),
(438, 97, '1749973051.jpg'),
(439, 97, '1749973052.jpg'),
(440, 96, '1749973132.jpg'),
(441, 96, '1749973128.jpg'),
(442, 96, '1749973129.jpg'),
(443, 96, '1749973130.jpg'),
(444, 95, '1749973209.jpg'),
(445, 95, '1749973203.jpg'),
(446, 98, '1749973276.jpg'),
(447, 98, '1749973273.jpg'),
(448, 98, '1749973274.jpg'),
(449, 98, '1749973275.jpg'),
(450, 99, '1749973391.jpg'),
(451, 99, '1749973387.jpg'),
(452, 99, '1749973388.jpg'),
(453, 99, '1749973389.jpg'),
(454, 99, '1749973390.jpg'),
(455, 103, '1749973455.jpg'),
(456, 103, '1749973450.jpg'),
(457, 103, '1749973451.jpg'),
(458, 103, '1749973452.jpg'),
(459, 103, '1749973453.jpg'),
(460, 103, '1749973454.jpg'),
(461, 103, '1749973455.jpg'),
(462, 108, '1749973527.jpg'),
(463, 108, '1749973520.jpg'),
(464, 108, '1749973521.jpg'),
(465, 102, '1749973602.jpg'),
(466, 102, '1749973598.jpg'),
(467, 102, '1749973599.jpg'),
(468, 102, '1749973600.jpg'),
(469, 101, '1749973696.jpg'),
(470, 101, '1749973688.jpg'),
(471, 101, '1749973689.jpg'),
(472, 101, '1749973690.jpg'),
(473, 104, '1749973724.jpg'),
(474, 104, '1749973719.jpg'),
(475, 104, '1749973720.jpg'),
(476, 104, '1749973721.jpg'),
(477, 106, '1749973864.jpeg'),
(478, 106, '1749973750.jpg'),
(479, 106, '1749973751.jpg'),
(480, 106, '1749973752.jpg'),
(481, 106, '1749973753.jpg'),
(482, 107, '1749973945.jpg'),
(483, 107, '1749973934.jpg'),
(484, 107, '1749973935.jpg'),
(485, 107, '1749973936.jpg'),
(486, 107, '1749973937.jpg'),
(487, 105, '1749974003.jpg'),
(488, 105, '1749973995.jpg'),
(489, 105, '1749973996.jpg'),
(490, 105, '1749973997.jpg'),
(491, 105, '1749973998.jpg'),
(492, 109, '1749974096.jpg'),
(493, 109, '1749974079.jpg'),
(494, 109, '1749974080.jpg'),
(495, 109, '1749974081.jpg'),
(496, 109, '1749974082.jpg'),
(497, 109, '1749974083.jpg'),
(498, 110, '1749974186.jpg'),
(499, 110, '1749974180.jpg'),
(500, 110, '1749974181.jpg'),
(501, 110, '1749974182.jpg'),
(502, 111, '1749974290.jpg'),
(503, 111, '1749974272.jpg'),
(504, 111, '1749974273.jpg'),
(505, 111, '1749974274.jpg'),
(506, 111, '1749974277.jpg'),
(507, 111, '1749974278.jpg'),
(508, 112, '1749974369.jpg'),
(509, 112, '1749974353.jpg'),
(510, 112, '1749974354.jpg'),
(511, 112, '1749974355.jpg'),
(512, 114, '1749974491.jpeg'),
(513, 114, '1749974456.jpg'),
(514, 114, '1749974457.jpg'),
(515, 114, '1749974458.jpg'),
(516, 114, '1749974459.jpg'),
(517, 119, '1749974579.jpg'),
(518, 119, '1749974569.jpg'),
(519, 119, '1749974570.jpg'),
(520, 119, '1749974571.jpg'),
(521, 124, '1749974719.jpg'),
(522, 124, '1749974704.jpg'),
(523, 124, '1749974705.jpg'),
(524, 124, '1749974706.jpg'),
(525, 122, '1749974825.jpg'),
(526, 122, '1749974834.jpg'),
(527, 122, '1749974835.jpg'),
(528, 127, '1749974876.jpg'),
(529, 127, '1749974857.jpg'),
(530, 117, '1749974966.jpg'),
(531, 117, '1749974956.jpg'),
(532, 117, '1749974957.jpg'),
(533, 115, '1749975173.jpg'),
(534, 115, '1749975169.jpg'),
(535, 115, '1749975170.jpg'),
(536, 120, '1749975282.jpg'),
(537, 120, '1749975278.jpg'),
(538, 113, '1749975376.jpg'),
(543, 118, '1749975657.jpg'),
(544, 118, '1749975652.jpg'),
(545, 126, '1749975770.jpg'),
(546, 121, '1749975791.jpg'),
(547, 125, '1749975977.jpg'),
(548, 125, '1749975972.jpg'),
(549, 125, '1749975973.jpg'),
(550, 125, '1749975974.jpg'),
(551, 125, '1749975975.jpg'),
(552, 125, '1749975976.jpg'),
(553, 125, '1749975977.jpg'),
(554, 123, '1749976291.jpg'),
(555, 116, '1749976636.jpg'),
(556, 116, '1749976629.jpg'),
(557, 116, '1749976630.jpg'),
(558, 116, '1749976631.jpg'),
(559, 116, '1749976632.jpg'),
(560, 116, '1749976633.jpg'),
(561, 116, '1749976634.jpg'),
(562, 22, '1749976876.jpg'),
(563, 22, '1749976857.jpg'),
(564, 22, '1749976858.jpg'),
(565, 22, '1749976859.jpg'),
(566, 22, '1749976860.jpg'),
(567, 22, '1749976861.jpg'),
(568, 22, '1749976862.jpg'),
(569, 22, '1749976863.jpg'),
(570, 22, '1749976864.jpg'),
(571, 9, '1749977307.jpg'),
(572, 9, '1749977302.jpg'),
(573, 9, '1749977303.jpg'),
(574, 9, '1749977304.jpg'),
(575, 6, '1749977664.jpeg'),
(576, 6, '1749977626.jpg'),
(577, 6, '1749977627.jpg'),
(578, 6, '1749977628.jpg'),
(613, 162, '1750155072.jpeg');

-- --------------------------------------------------------
INSERT INTO `product_sizes` (`product_id`, `size_id`) VALUES
(1, 7),
(2, 4),
(3, 7),
(4, 3),
(4, 4),
(5, 8),
(6, 8),
(7, 5),
(8, 9),
(9, 10),
(10, 5),
(11, 2),
(12, 5),
(13, 9),
(14, 7),
(15, 1),
(16, 2),
(17, 5),
(18, 8),
(19, 8),
(20, 2),
(21, 4),
(22, 9),
(23, 3),
(24, 6),
(25, 10),
(26, 1),
(27, 4),
(28, 9),
(29, 3),
(30, 4),
(30, 7),
(31, 2),
(31, 4),
(32, 6),
(33, 7),
(34, 9),
(35, 10),
(36, 5),
(37, 3),
(38, 2),
(39, 10),
(40, 2),
(41, 9),
(42, 9),
(43, 8),
(44, 1),
(44, 7),
(45, 10),
(46, 9),
(47, 5),
(48, 5),
(49, 2),
(50, 1),
(51, 2),
(52, 3),
(53, 1),
(54, 3),
(55, 3),
(55, 9),
(56, 4),
(56, 7),
(57, 3),
(58, 2),
(59, 10),
(60, 3),
(61, 7),
(62, 8),
(62, 10),
(63, 7),
(63, 10),
(64, 2),
(65, 3),
(65, 8),
(66, 6),
(67, 1),
(67, 3),
(68, 6),
(69, 2),
(69, 4),
(70, 1),
(71, 6),
(72, 9),
(73, 1),
(73, 6),
(74, 4),
(75, 2),
(76, 6),
(77, 9),
(78, 4),
(79, 1),
(80, 2),
(81, 9),
(82, 3),
(83, 3),
(84, 5),
(85, 8),
(86, 4),
(87, 3),
(88, 5),
(89, 7),
(90, 6),
(91, 10),
(92, 2),
(93, 8),
(94, 4),
(95, 5),
(96, 1),
(96, 6),
(97, 2),
(97, 6),
(98, 8),
(99, 1),
(99, 4),
(100, 2),
(101, 4),
(102, 3),
(103, 4),
(104, 1),
(105, 2),
(106, 6),
(107, 5),
(108, 4),
(109, 7),
(110, 3),
(111, 1),
(111, 5),
(112, 2),
(113, 2),
(113, 5),
(114, 7),
(115, 2),
(116, 6),
(117, 6),
(118, 2),
(119, 2),
(120, 4),
(121, 1),
(122, 5),
(123, 1),
(124, 9),
(125, 2),
(126, 1),
(127, 1),
(162, 4);

-- --------------------------------------------------------
INSERT INTO `sizes` (`id`, `size_label`) VALUES
(1, '3.5x6台尺'),
(2, '5x6.2台尺'),
(3, '6x6.2台尺'),
(4, '6.2x6.6台尺'),
(5, '1.8x0.9台尺'),
(6, '2.4x0.9台尺'),
(7, '2.5x1.8台尺'),
(8, '60x60x75台尺'),
(9, '120x60x75台尺'),
(10, '180x60x75台尺');

-- --------------------------------------------------------
INSERT INTO `stocks` (`id`, `color_id`, `size_id`, `amount`) VALUES
(1, 1, 1, 20),
(1, 2, 2, 15),
(1, 3, 3, 10),
(2, 1, 2, 25),
(2, 4, 1, 30),
(2, 5, 3, 12),
(3, 2, 1, 18),
(3, 3, 2, 22),
(3, 4, 3, 16),
(4, 1, 1, 28),
(4, 2, 2, 14),
(4, 3, 3, 19),
(5, 5, 1, 24),
(5, 6, 2, 20),
(5, 7, 3, 15),
(6, 1, 1, 12),
(6, 2, 2, 17),
(6, 3, 3, 13),
(7, 4, 1, 21),
(7, 5, 2, 18),
(7, 6, 3, 25),
(8, 1, 1, 30),
(8, 2, 2, 28),
(8, 3, 3, 22),
(9, 4, 1, 16),
(9, 5, 2, 14),
(9, 6, 3, 19),
(10, 1, 1, 20),
(10, 2, 2, 23),
(10, 3, 3, 21);

-- --------------------------------------------------------
CREATE TABLE `style` (
  `id` int(11) NOT NULL,
  `product_id` int(11) NOT NULL,
  `des` varchar(255) DEFAULT NULL
) ENGINE=InnoDB DEFAULT CHARSET=utf8mb4 COLLATE=utf8mb4_general_ci;

INSERT INTO `style` (`id`, `product_id`, `des`) VALUES
(1, 1, '北歐簡約風'),
(2, 2, '現代極簡風'),
(3, 3, '工業復古風'),
(4, 5, '美式鄉村風'),
(5, 7, '輕奢設計風'),
(6, 8, '無印自然風');


