-----------------------------------------------users 匯入
INSERT INTO `users` (`name`, `birthday`, `email`, `password`, `phone`, `postcode`, `city`, `area`, `address`, `img`, `level_id`, `is_valid`) VALUES
('王志明', '1990-03-15', 'wang.zhiming@email.com', '$2y$10$92IXUNpkjO0rOQ5byMi.Ye4oKoEa3Ro9llC/.og/at2.uheWG/igi', '0912345678', '100', '台北市', '中正區', '中山南路1號', '', 1, 1),
('李美玲', '1985-07-22', 'li.meiling@email.com', '$2y$10$92IXUNpkjO0rOQ5byMi.Ye4oKoEa3Ro9llC/.og/at2.uheWG/igi', '0923456789', '110', '台北市', '信義區', '信義路五段7號', '', 2, 1),
('張家豪', '1992-11-08', 'zhang.jiahao@email.com', '$2y$10$92IXUNpkjO0rOQ5byMi.Ye4oKoEa3Ro9llC/.og/at2.uheWG/igi', '0934567890', '220', '新北市', '板橋區', '文化路一段188號', '', 1, 1),
('陳淑芬', '1988-01-12', 'chen.shufen@email.com', '$2y$10$92IXUNpkjO0rOQ5byMi.Ye4oKoEa3Ro9llC/.og/at2.uheWG/igi', '0945678901', '300', '桃園市', '桃園區', '中正路1077號', '', 1, 1),
('林俊傑', '1991-05-30', 'lin.junjie@email.com', '$2y$10$92IXUNpkjO0rOQ5byMi.Ye4oKoEa3Ro9llC/.og/at2.uheWG/igi', '0956789012', '400', '台中市', '中區', '台灣大道二段285號', '', 2, 1),
('黃雅慧', '1987-09-14', 'huang.yahui@email.com', '$2y$10$92IXUNpkjO0rOQ5byMi.Ye4oKoEa3Ro9llC/.og/at2.uheWG/igi', '0967890123', '500', '彰化縣', '彰化市', '中山路二段416號', '', 1, 1),
('吳建宏', '1993-04-25', 'wu.jianhong@email.com', '$2y$10$92IXUNpkjO0rOQ5byMi.Ye4oKoEa3Ro9llC/.og/at2.uheWG/igi', '0978901234', '600', '嘉義市', '東區', '文化路552號', '', 1, 1),
('劉秀蘭', '1986-12-03', 'liu.xiulan@email.com', '$2y$10$92IXUNpkjO0rOQ5byMi.Ye4oKoEa3Ro9llC/.og/at2.uheWG/igi', '0989012345', '700', '台南市', '中西區', '民生路一段205號', '', 2, 1),
('鄭國偉', '1989-08-17', 'zheng.guowei@email.com', '$2y$10$92IXUNpkjO0rOQ5byMi.Ye4oKoEa3Ro9llC/.og/at2.uheWG/igi', '0990123456', '800', '高雄市', '新興區', '中正三路25號', '', 1, 1),
('許文雄', '1994-02-28', 'xu.wenxiong@email.com', '$2y$10$92IXUNpkjO0rOQ5byMi.Ye4oKoEa3Ro9llC/.og/at2.uheWG/igi', '0901234567', '330', '桃園市', '中壢區', '中央路117號', '', 1, 1),
('蔡佩君', '1990-06-11', 'cai.peijun@email.com', '$2y$10$92IXUNpkjO0rOQ5byMi.Ye4oKoEa3Ro9llC/.og/at2.uheWG/igi', '0912345670', '104', '台北市', '中山區', '南京東路二段125號', '', 2, 1),
('楊智凱', '1985-10-19', 'yang.zhikai@email.com', '$2y$10$92IXUNpkjO0rOQ5byMi.Ye4oKoEa3Ro9llC/.og/at2.uheWG/igi', '0923456781', '231', '新北市', '新店區', '北新路三段200號', '', 1, 1),
('謝麗華', '1992-03-07', 'xie.lihua@email.com', '$2y$10$92IXUNpkjO0rOQ5byMi.Ye4oKoEa3Ro9llC/.og/at2.uheWG/igi', '0934567892', '320', '桃園市', '中壢區', '環中東路685號', '', 1, 1),
('周明德', '1988-07-23', 'zhou.mingde@email.com', '$2y$10$92IXUNpkjO0rOQ5byMi.Ye4oKoEa3Ro9llC/.og/at2.uheWG/igi', '0945678903', '403', '台中市', '西區', '台灣大道二段2號', '', 2, 1),
('趙美珍', '1991-11-16', 'zhao.meizhen@email.com', '$2y$10$92IXUNpkjO0rOQ5byMi.Ye4oKoEa3Ro9llC/.og/at2.uheWG/igi', '0956789014', '540', '南投縣', '南投市', '中興路660號', '', 1, 1),
('孫志豪', '1987-01-04', 'sun.zhihao@email.com', '$2y$10$92IXUNpkjO0rOQ5byMi.Ye4oKoEa3Ro9llC/.og/at2.uheWG/igi', '0967890125', '602', '嘉義縣', '番路鄉', '觸口村車埕51號', '', 1, 1),
('馬惠敏', '1993-05-12', 'ma.huimin@email.com', '$2y$10$92IXUNpkjO0rOQ5byMi.Ye4oKoEa3Ro9llC/.og/at2.uheWG/igi', '0978901236', '710', '台南市', '永康區', '中華路425號', '', 2, 1),
('朱俊宏', '1986-09-08', 'zhu.junhong@email.com', '$2y$10$92IXUNpkjO0rOQ5byMi.Ye4oKoEa3Ro9llC/.og/at2.uheWG/igi', '0989012347', '813', '高雄市', '左營區', '博愛二路777號', '', 1, 1),
('胡淑貞', '1989-12-21', 'hu.shuzhen@email.com', '$2y$10$92IXUNpkjO0rOQ5byMi.Ye4oKoEa3Ro9llC/.og/at2.uheWG/igi', '0990123458', '260', '宜蘭縣', '宜蘭市', '中山路二段58號', '', 1, 1),
('羅志強', '1994-04-15', 'luo.zhiqiang@email.com', '$2y$10$92IXUNpkjO0rOQ5byMi.Ye4oKoEa3Ro9llC/.og/at2.uheWG/igi', '0901234568', '302', '新竹縣', '竹北市', '光明六路10號', '', 1, 1),
('何雅芳', '1990-08-02', 'he.yafang@email.com', '$2y$10$92IXUNpkjO0rOQ5byMi.Ye4oKoEa3Ro9llC/.og/at2.uheWG/igi', '0912345671', '103', '台北市', '大同區', '重慶北路三段320號', '', 2, 1),
('沈建華', '1985-12-18', 'shen.jianhua@email.com', '$2y$10$92IXUNpkjO0rOQ5byMi.Ye4oKoEa3Ro9llC/.og/at2.uheWG/igi', '0923456782', '242', '新北市', '新莊區', '中正路648號', '', 1, 1),
('余淑娟', '1992-02-26', 'yu.shujuan@email.com', '$2y$10$92IXUNpkjO0rOQ5byMi.Ye4oKoEa3Ro9llC/.og/at2.uheWG/igi', '0934567893', '360', '苗栗縣', '苗栗市', '中正路1183號', '', 1, 1),
('葉文傑', '1988-06-09', 'ye.wenjie@email.com', '$2y$10$92IXUNpkjO0rOQ5byMi.Ye4oKoEa3Ro9llC/.og/at2.uheWG/igi', '0945678904', '420', '台中市', '豐原區', '中正路17號', '', 2, 1),
('蘇美琪', '1991-10-13', 'su.meiqi@email.com', '$2y$10$92IXUNpkjO0rOQ5byMi.Ye4oKoEa3Ro9llC/.og/at2.uheWG/igi', '0956789015', '515', '彰化縣', '大村鄉', '中山路三段2巷99號', '', 1, 1),
('韓志偉', '1987-03-31', 'han.zhiwei@email.com', '$2y$10$92IXUNpkjO0rOQ5byMi.Ye4oKoEa3Ro9llC/.og/at2.uheWG/igi', '0967890126', '620', '嘉義縣', '竹崎鄉', '中山路102號', '', 1, 1),
('廖惠玲', '1993-07-05', 'liao.huiling@email.com', '$2y$10$92IXUNpkjO0rOQ5byMi.Ye4oKoEa3Ro9llC/.og/at2.uheWG/igi', '0978901237', '730', '台南市', '新營區', '中山路132號', '', 2, 1),
('石俊豪', '1986-11-20', 'shi.junhao@email.com', '$2y$10$92IXUNpkjO0rOQ5byMi.Ye4oKoEa3Ro9llC/.og/at2.uheWG/igi', '0989012348', '830', '高雄市', '鳳山區', '中山路100號', '', 1, 1),
('董淑美', '1989-01-27', 'dong.shumei@email.com', '$2y$10$92IXUNpkjO0rOQ5byMi.Ye4oKoEa3Ro9llC/.og/at2.uheWG/igi', '0990123459', '970', '花蓮縣', '花蓮市', '中山路525號', '', 1, 1),
('范志成', '1994-05-14', 'fan.zhicheng@email.com', '$2y$10$92IXUNpkjO0rOQ5byMi.Ye4oKoEa3Ro9llC/.og/at2.uheWG/igi', '0901234569', '950', '台東縣', '台東市', '中華路一段684號', '', 1, 1),
('譚雅雯', '1990-09-01', 'tan.yawen@email.com', '$2y$10$92IXUNpkjO0rOQ5byMi.Ye4oKoEa3Ro9llC/.og/at2.uheWG/igi', '0912345672', '112', '台北市', '北投區', '中央南路一段45號', '', 2, 1),
('方建志', '1985-12-24', 'fang.jianzhi@email.com', '$2y$10$92IXUNpkjO0rOQ5byMi.Ye4oKoEa3Ro9llC/.og/at2.uheWG/igi', '0923456783', '253', '新北市', '石門區', '中央路100號', '', 1, 1),
('顏美惠', '1992-04-08', 'yan.meihui@email.com', '$2y$10$92IXUNpkjO0rOQ5byMi.Ye4oKoEa3Ro9llC/.og/at2.uheWG/igi', '0934567894', '310', '新竹市', '東區', '中央路229號', '', 1, 1),
('薛文華', '1988-08-16', 'xue.wenhua@email.com', '$2y$10$92IXUNpkjO0rOQ5byMi.Ye4oKoEa3Ro9llC/.og/at2.uheWG/igi', '0945678905', '434', '台中市', '龍井區', '中央路一段165號', '', 2, 1),
('傅淑慧', '1991-12-10', 'fu.shuhui@email.com', '$2y$10$92IXUNpkjO0rOQ5byMi.Ye4oKoEa3Ro9llC/.og/at2.uheWG/igi', '0956789016', '552', '南投縣', '草屯鎮', '中正路542號', '', 1, 1),
('白志宏', '1987-02-19', 'bai.zhihong@email.com', '$2y$10$92IXUNpkjO0rOQ5byMi.Ye4oKoEa3Ro9llC/.og/at2.uheWG/igi', '0967890127', '632', '雲林縣', '虎尾鎮', '中山路25號', '', 1, 1),
('嚴雅純', '1993-06-03', 'yan.yachun@email.com', '$2y$10$92IXUNpkjO0rOQ5byMi.Ye4oKoEa3Ro9llC/.og/at2.uheWG/igi', '0978901238', '741', '台南市', '善化區', '中山路377號', '', 2, 1),
('杜俊男', '1986-10-11', 'du.junnan@email.com', '$2y$10$92IXUNpkjO0rOQ5byMi.Ye4oKoEa3Ro9llC/.og/at2.uheWG/igi', '0989012349', '851', '高雄市', '路竹區', '中山路200號', '', 1, 1),
('柯淑芬', '1989-03-29', 'ke.shufen@email.com', '$2y$10$92IXUNpkjO0rOQ5byMi.Ye4oKoEa3Ro9llC/.og/at2.uheWG/igi', '0990123460', '880', '澎湖縣', '馬公市', '中華路230號', '', 1, 1),
('辛志豪', '1994-07-06', 'xin.zhihao@email.com', '$2y$10$92IXUNpkjO0rOQ5byMi.Ye4oKoEa3Ro9llC/.og/at2.uheWG/igi', '0901234570', '890', '金門縣', '金城鎮', '民族路92號', '', 1, 1),
('溫美玲', '1990-11-22', 'wen.meiling@email.com', '$2y$10$92IXUNpkjO0rOQ5byMi.Ye4oKoEa3Ro9llC/.og/at2.uheWG/igi', '0912345673', '209', '連江縣', '南竿鄉', '介壽村76號', '', 2, 1),
('賴建成', '1985-01-15', 'lai.jiancheng@email.com', '$2y$10$92IXUNpkjO0rOQ5byMi.Ye4oKoEa3Ro9llC/.og/at2.uheWG/igi', '0923456784', '108', '台北市', '萬華區', '和平西路三段120號', '', 1, 1),
('高淑娟', '1992-05-21', 'gao.shujuan@email.com', '$2y$10$92IXUNpkjO0rOQ5byMi.Ye4oKoEa3Ro9llC/.og/at2.uheWG/igi', '0934567895', '235', '新北市', '中和區', '中山路二段368號', '', 1, 1),
('田文雄', '1988-09-07', 'tian.wenxiong@email.com', '$2y$10$92IXUNpkjO0rOQ5byMi.Ye4oKoEa3Ro9llC/.og/at2.uheWG/igi', '0945678906', '324', '桃園市', '平鎮區', '中豐路山頂段294號', '', 2, 1),
('康雅慧', '1991-01-13', 'kang.yahui@email.com', '$2y$10$92IXUNpkjO0rOQ5byMi.Ye4oKoEa3Ro9llC/.og/at2.uheWG/igi', '0956789017', '406', '台中市', '北屯區', '崇德路二段142號', '', 1, 1),
('郭志明', '1987-06-30', 'guo.zhiming@email.com', '$2y$10$92IXUNpkjO0rOQ5byMi.Ye4oKoEa3Ro9llC/.og/at2.uheWG/igi', '0967890128', '526', '彰化縣', '二林鎮', '中山路616號', '', 1, 1),
('梁美珍', '1993-10-04', 'liang.meizhen@email.com', '$2y$10$92IXUNpkjO0rOQ5byMi.Ye4oKoEa3Ro9llC/.og/at2.uheWG/igi', '0978901239', '640', '雲林縣', '斗六市', '雲林路二段515號', '', 2, 1),
('盧俊傑', '1986-02-17', 'lu.junjie@email.com', '$2y$10$92IXUNpkjO0rOQ5byMi.Ye4oKoEa3Ro9llC/.og/at2.uheWG/igi', '0989012350', '754', '台南市', '永康區', '中華路353號', '', 1, 1),
('莊淑敏', '1989-08-25', 'zhuang.shumin@email.com', '$2y$10$92IXUNpkjO0rOQ5byMi.Ye4oKoEa3Ro9llC/.og/at2.uheWG/igi', '0990123461', '833', '高雄市', '鳥松區', '中正路230號', '', 1, 1),
('游志豪', '1994-12-12', 'you.zhihao@email.com', '$2y$10$92IXUNpkjO0rOQ5byMi.Ye4oKoEa3Ro9llC/.og/at2.uheWG/igi', '0901234571', '201', '基隆市', '信義區', '深澳坑路58號', '', 1, 1),
('潘雅雯', '1990-04-18', 'pan.yawen@email.com', '$2y$10$92IXUNpkjO0rOQ5byMi.Ye4oKoEa3Ro9llC/.og/at2.uheWG/igi', '0912345674', '111', '台北市', '士林區', '中山北路六段88號', '', 2, 1),
('施建華', '1985-08-14', 'shi.jianhua@email.com', '$2y$10$92IXUNpkjO0rOQ5byMi.Ye4oKoEa3Ro9llC/.og/at2.uheWG/igi', '0923456785', '247', '新北市', '蘆洲區', '中山一路268號', '', 1, 1),
('曾淑貞', '1992-12-20', 'zeng.shuzhen@email.com', '$2y$10$92IXUNpkjO0rOQ5byMi.Ye4oKoEa3Ro9llC/.og/at2.uheWG/igi', '0934567896', '326', '桃園市', '楊梅區', '中山路125號', '', 1, 1),
('侯文傑', '1988-03-06', 'hou.wenjie@email.com', '$2y$10$92IXUNpkjO0rOQ5byMi.Ye4oKoEa3Ro9llC/.og/at2.uheWG/igi', '0945678907', '412', '台中市', '大里區', '中興路二段671號', '', 2, 1),
('鍾美琪', '1991-07-24', 'zhong.meiqi@email.com', '$2y$10$92IXUNpkjO0rOQ5byMi.Ye4oKoEa3Ro9llC/.og/at2.uheWG/igi', '0956789018', '500', '彰化縣', '彰化市', '光復路74號', '', 1, 1),
('詹志偉', '1987-11-10', 'zhan.zhiwei@email.com', '$2y$10$92IXUNpkjO0rOQ5byMi.Ye4oKoEa3Ro9llC/.og/at2.uheWG/igi', '0967890129', '611', '嘉義縣', '鹿草鄉', '中正路160號', '', 1, 1),
('龔惠玲', '1993-02-28', 'gong.huiling@email.com', '$2y$10$92IXUNpkjO0rOQ5byMi.Ye4oKoEa3Ro9llC/.og/at2.uheWG/igi', '0978901240', '712', '台南市', '新化區', '中山路92號', '', 2, 1),
('雷俊豪', '1986-06-15', 'lei.junhao@email.com', '$2y$10$92IXUNpkjO0rOQ5byMi.Ye4oKoEa3Ro9llC/.og/at2.uheWG/igi', '0989012351', '820', '高雄市', '岡山區', '中山南路102號', '', 1, 1),
('包淑美', '1989-10-23', 'bao.shumei@email.com', '$2y$10$92IXUNpkjO0rOQ5byMi.Ye4oKoEa3Ro9llC/.og/at2.uheWG/igi', '0990123462', '264', '宜蘭縣', '員山鄉', '中山路二段195號', '', 1, 1),
('童志成', '1994-01-09', 'tong.zhicheng@email.com', '$2y$10$92IXUNpkjO0rOQ5byMi.Ye4oKoEa3Ro9llC/.og/at2.uheWG/igi', '0901234572', '308', '新竹縣', '寶山鄉', '雙溪村雙園路二段123號', '', 1, 1),
('尤雅雯', '1990-05-17', 'you.yawen@email.com', '$2y$10$92IXUNpkjO0rOQ5byMi.Ye4oKoEa3Ro9llC/.og/at2.uheWG/igi', '0912345675', '106', '台北市', '大安區', '復興南路一段390號', '', 2, 1),
('湯建志', '1985-09-03', 'tang.jianzhi@email.com', '$2y$10$92IXUNpkjO0rOQ5byMi.Ye4oKoEa3Ro9llC/.og/at2.uheWG/igi', '0923456786', '220', '新北市', '板橋區', '重慶路157號', '', 1, 1),
('凌美惠', '1992-01-21', 'ling.meihui@email.com', '$2y$10$92IXUNpkjO0rOQ5byMi.Ye4oKoEa3Ro9llC/.og/at2.uheWG/igi', '0934567897', '334', '桃園市', '八德區', '介壽路一段735號', '', 1, 1),
('柳文華', '1988-07-08', 'liu.wenhua@email.com', '$2y$10$92IXUNpkjO0rOQ5byMi.Ye4oKoEa3Ro9llC/.og/at2.uheWG/igi', '0945678908', '427', '台中市', '潭子區', '中山路二段435號', '', 2, 1),
('齊淑慧', '1991-11-26', 'qi.shuhui@email.com', '$2y$10$92IXUNpkjO0rOQ5byMi.Ye4oKoEa3Ro9llC/.og/at2.uheWG/igi', '0956789019', '558', '南投縣', '魚池鄉', '中山路121號', '', 1, 1),
('卓志宏', '1987-03-14', 'zhuo.zhihong@email.com', '$2y$10$92IXUNpkjO0rOQ5byMi.Ye4oKoEa3Ro9llC/.og/at2.uheWG/igi', '0967890130', '648', '雲林縣', '西螺鎮', '中山路283號', '', 1, 1),
('藍雅純', '1993-08-01', 'lan.yachun@email.com', '$2y$10$92IXUNpkjO0rOQ5byMi.Ye4oKoEa3Ro9llC/.og/at2.uheWG/igi', '0978901241', '704', '台南市', '北區', '公園路96號', '', 2, 1),
('聶俊男', '1986-12-07', 'nie.junnan@email.com', '$2y$10$92IXUNpkjO0rOQ5byMi.Ye4oKoEa3Ro9llC/.og/at2.uheWG/igi', '0989012352', '842', '高雄市', '旗山區', '中山路115號', '', 1, 1),
('裘淑芬', '1989-04-25', 'qiu.shufen@email.com', '$2y$10$92IXUNpkjO0rOQ5byMi.Ye4oKoEa3Ro9llC/.og/at2.uheWG/igi', '0990123463', '971', '花蓮縣', '新城鄉', '新興路78號', '', 1, 1),
('閻志豪', '1994-08-12', 'yan.zhihao@email.com', '$2y$10$92IXUNpkjO0rOQ5byMi.Ye4oKoEa3Ro9llC/.og/at2.uheWG/igi', '0901234573', '956', '台東縣', '關山鎮', '中正路115號', '', 1, 1),
('費美玲', '1990-12-29', 'fei.meiling@email.com', '$2y$10$92IXUNpkjO0rOQ5byMi.Ye4oKoEa3Ro9llC/.og/at2.uheWG/igi', '0912345676', '105', '台北市', '松山區', '八德路四段692號', '', 2, 1),
('滕建成', '1985-03-16', 'teng.jiancheng@email.com', '$2y$10$92IXUNpkjO0rOQ5byMi.Ye4oKoEa3Ro9llC/.og/at2.uheWG/igi', '0923456787', '251', '新北市', '淡水區', '中正路1號', '', 1, 1),
('殷淑娟', '1992-07-22', 'yin.shujuan@email.com', '$2y$10$92IXUNpkjO0rOQ5byMi.Ye4oKoEa3Ro9llC/.og/at2.uheWG/igi', '0934567898', '327', '桃園市', '新屋區', '中山路268號', '', 1, 1),
('柴文雄', '1988-11-08', 'chai.wenxiong@email.com', '$2y$10$92IXUNpkjO0rOQ5byMi.Ye4oKoEa3Ro9llC/.og/at2.uheWG/igi', '0945678909', '414', '台中市', '烏日區', '中山路一段341號', '', 2, 1),
('權雅慧', '1991-02-14', 'quan.yahui@email.com', '$2y$10$92IXUNpkjO0rOQ5byMi.Ye4oKoEa3Ro9llC/.og/at2.uheWG/igi', '0956789020', '521', '彰化縣', '田中鎮', '中州路二段270號', '', 1, 1),
('酆志明', '1987-06-02', 'feng.zhiming@email.com', '$2y$10$92IXUNpkjO0rOQ5byMi.Ye4oKoEa3Ro9llC/.og/at2.uheWG/igi', '0967890131', '630', '雲林縣', '斗南鎮', '中山路118號', '', 1, 1),
('駱美珍', '1993-10-19', 'luo.meizhen@email.com', '$2y$10$92IXUNpkjO0rOQ5byMi.Ye4oKoEa3Ro9llC/.og/at2.uheWG/igi', '0978901242', '621', '嘉義縣', '民雄鄉', '中山路40號', '', 2, 1),
('紀俊傑', '1986-01-26', 'ji.junjie@email.com', '$2y$10$92IXUNpkjO0rOQ5byMi.Ye4oKoEa3Ro9llC/.og/at2.uheWG/igi', '0989012353', '721', '台南市', '麻豆區', '中山路11號', '', 1, 1),
('舒淑敏', '1989-05-15', 'shu.shumin@email.com', '$2y$10$92IXUNpkjO0rOQ5byMi.Ye4oKoEa3Ro9llC/.og/at2.uheWG/igi', '0990123464', '840', '高雄市', '大寮區', '中庄里中正路132號', '', 1, 1),
('巫志豪', '1994-09-11', 'wu.zhihao@email.com', '$2y$10$92IXUNpkjO0rOQ5byMi.Ye4oKoEa3Ro9llC/.og/at2.uheWG/igi', '0901234574', '267', '宜蘭縣', '大同鄉', '太平村泰雅路三段21巷1號', '', 1, 1),
('毛雅雯', '1990-01-07', 'mao.yawen@email.com', '$2y$10$92IXUNpkjO0rOQ5byMi.Ye4oKoEa3Ro9llC/.og/at2.uheWG/igi', '0912345677', '300', '新竹市', '北區', '中華路二段678號', '', 2, 1),
('甄建華', '1985-07-04', 'zhen.jianhua@email.com', '$2y$10$92IXUNpkjO0rOQ5byMi.Ye4oKoEa3Ro9llC/.og/at2.uheWG/igi', '0923456788', '206', '基隆市', '七堵區', '明德一路184號', '', 1, 1),
('焦淑貞', '1992-11-28', 'jiao.shuzhen@email.com', '$2y$10$92IXUNpkjO0rOQ5byMi.Ye4oKoEa3Ro9llC/.og/at2.uheWG/igi', '0934567899', '356', '苗栗縣', '後龍鎮', '中山路142號', '', 1, 1),
('岑文傑', '1988-02-13', 'cen.wenjie@email.com', '$2y$10$92IXUNpkjO0rOQ5byMi.Ye4oKoEa3Ro9llC/.og/at2.uheWG/igi', '0945678910', '432', '台中市', '大肚區', '沙田路一段129號', '', 2, 1),
('單美琪', '1991-06-21', 'shan.meiqi@email.com', '$2y$10$92IXUNpkjO0rOQ5byMi.Ye4oKoEa3Ro9llC/.og/at2.uheWG/igi', '0956789021', '545', '南投縣', '埔里鎮', '中山路四段1號', '', 1, 1),
('欒志偉', '1987-10-17', 'luan.zhiwei@email.com', '$2y$10$92IXUNpkjO0rOQ5byMi.Ye4oKoEa3Ro9llC/.og/at2.uheWG/igi', '0967890132', '651', '雲林縣', '北港鎮', '中山路178號', '', 1, 1),
('談惠玲', '1993-01-05', 'tan.huiling@email.com', '$2y$10$92IXUNpkjO0rOQ5byMi.Ye4oKoEa3Ro9llC/.og/at2.uheWG/igi', '0978901243', '600', '嘉義市', '西區', '中山路255號', '', 2, 1),
('鄧俊豪', '1986-08-31', 'deng.junhao@email.com', '$2y$10$92IXUNpkjO0rOQ5byMi.Ye4oKoEa3Ro9llC/.og/at2.uheWG/igi', '0989012354', '765', '台南市', '下營區', '中山路一段129號', '', 1, 1),
('鄒淑美', '1989-12-18', 'zou.shumei@email.com', '$2y$10$92IXUNpkjO0rOQ5byMi.Ye4oKoEa3Ro9llC/.og/at2.uheWG/igi', '0990123465', '825', '高雄市', '橋頭區', '中山路109號', '', 1, 1),
('卜志成', '1994-04-06', 'bu.zhicheng@email.com', '$2y$10$92IXUNpkjO0rOQ5byMi.Ye4oKoEa3Ro9llC/.og/at2.uheWG/igi', '0901234575', '973', '花蓮縣', '吉安鄉', '中山路三段123號', '', 1, 1),
('商雅雯', '1990-08-24', 'shang.yawen@email.com', '$2y$10$92IXUNpkjO0rOQ5byMi.Ye4oKoEa3Ro9llC/.og/at2.uheWG/igi', '0912345678', '961', '台東縣', '卑南鄉', '更生北路368號', '', 2, 1),
('陶建志', '1985-12-10', 'tao.jianzhi@email.com', '$2y$10$92IXUNpkjO0rOQ5byMi.Ye4oKoEa3Ro9llC/.og/at2.uheWG/igi', '0923456789', '891', '金門縣', '金湖鎮', '中正路1號', '', 1, 1),
('戚美惠', '1992-03-29', 'qi.meihui@email.com', '$2y$10$92IXUNpkjO0rOQ5byMi.Ye4oKoEa3Ro9llC/.og/at2.uheWG/igi', '0934567890', '210', '連江縣', '北竿鄉', '塘岐村56號', '', 1, 1),
('司文華', '1988-09-16', 'si.wenhua@email.com', '$2y$10$92IXUNpkjO0rOQ5byMi.Ye4oKoEa3Ro9llC/.og/at2.uheWG/igi', '0945678901', '114', '台北市', '內湖區', '民權東路六段123號', '', 2, 1),
('成淑慧', '1991-01-23', 'cheng.shuhui@email.com', '$2y$10$92IXUNpkjO0rOQ5byMi.Ye4oKoEa3Ro9llC/.og/at2.uheWG/igi', '0956789012', '244', '新北市', '林口區', '文化二路一段283號', '', 1, 1),
('苟志宏', '1987-05-20', 'gou.zhihong@email.com', '$2y$10$92IXUNpkjO0rOQ5byMi.Ye4oKoEa3Ro9llC/.og/at2.uheWG/igi', '0967890123', '333', '桃園市', '龜山區', '文化一路259號', '', 1, 1),
('古雅純', '1993-09-07', 'gu.yachun@email.com', '$2y$10$92IXUNpkjO0rOQ5byMi.Ye4oKoEa3Ro9llC/.og/at2.uheWG/igi', '0978901234', '404', '台中市', '北區', '三民路三段161號', '', 2, 1),
('宮俊男', '1986-02-14', 'gong.junnan@email.com', '$2y$10$92IXUNpkjO0rOQ5byMi.Ye4oKoEa3Ro9llC/.og/at2.uheWG/igi', '0989012345', '508', '彰化縣', '和美鎮', '彰美路五段255號', '', 1, 1),
('寧淑芬', '1989-06-11', 'ning.shufen@email.com', '$2y$10$92IXUNpkjO0rOQ5byMi.Ye4oKoEa3Ro9llC/.og/at2.uheWG/igi', '0990123456', '557', '南投縣', '竹山鎮', '集山路二段1062號', '', 1, 1),
('費志豪', '1994-10-28', 'fei.zhihao@email.com', '$2y$10$92IXUNpkjO0rOQ5byMi.Ye4oKoEa3Ro9llC/.og/at2.uheWG/igi', '0901234567', '646', '雲林縣', '四湖鄉', '中山西路125號', '', 1, 1),
('晏美玲', '1990-03-17', 'yan.meiling@email.com', '$2y$10$92IXUNpkjO0rOQ5byMi.Ye4oKoEa3Ro9llC/.og/at2.uheWG/igi', '0912345678', '612', '嘉義縣', '太保市', '中山路一段268號', '', 2, 1),
('習建成', '1985-11-04', 'xi.jiancheng@email.com', '$2y$10$92IXUNpkjO0rOQ5byMi.Ye4oKoEa3Ro9llC/.og/at2.uheWG/igi', '0923456789', '743', '台南市', '台南市安定區', '中崙78號', '', 1, 1),
('路淑娟', '1992-08-21', 'lu.shujuan@email.com', '$2y$10$92IXUNpkjO0rOQ5byMi.Ye4oKoEa3Ro9llC/.og/at2.uheWG/igi', '0934567890', '852', '高雄市', '茂林區', '茂林里1號', '', 1, 1),
('邴文雄', '1988-12-08', 'bing.wenxiong@email.com', '$2y$10$92IXUNpkjO0rOQ5byMi.Ye4oKoEa3Ro9llC/.og/at2.uheWG/igi', '0945678901', '265', '宜蘭縣', '羅東鎮', '中山路一段218號', '', 2, 1),
('竺雅慧', '1991-04-15', 'zhu.yahui@email.com', '$2y$10$92IXUNpkjO0rOQ5byMi.Ye4oKoEa3Ro9llC/.og/at2.uheWG/igi', '0956789012', '307', '新竹縣', '芎林鄉', '文林路163號', '', 1, 1),
('紅志明', '1987-09-02', 'hong.zhiming@email.com', '$2y$10$92IXUNpkjO0rOQ5byMi.Ye4oKoEa3Ro9llC/.og/at2.uheWG/igi', '0967890123', '369', '苗栗縣', '卓蘭鎮', '中山路53號', '', 1, 1),
('約美珍', '1993-12-19', 'yue.meizhen@email.com', '$2y$10$92IXUNpkjO0rOQ5byMi.Ye4oKoEa3Ro9llC/.og/at2.uheWG/igi', '0978901234', '436', '台中市', '清水區', '中山路92號', '', 2, 1),
('鈕俊傑', '1986-07-27', 'niu.junjie@email.com', '$2y$10$92IXUNpkjO0rOQ5byMi.Ye4oKoEa3Ro9llC/.og/at2.uheWG/igi', '0989012345', '555', '南投縣', '名間鄉', '中山路108號', '', 1, 1),
('乜淑敏', '1989-11-13', 'nie.shumin@email.com', '$2y$10$92IXUNpkjO0rOQ5byMi.Ye4oKoEa3Ro9llC/.og/at2.uheWG/igi', '0990123456', '633', '雲林縣', '土庫鎮', '中正路65號', '', 1, 1),
('鄢志豪', '1994-02-10', 'yan.zhihao2@email.com', '$2y$10$92IXUNpkjO0rOQ5byMi.Ye4oKoEa3Ro9llC/.og/at2.uheWG/igi', '0901234567', '614', '嘉義縣', '東石鄉', '猿樹村42號', '', 1, 1),
('衡雅雯', '1990-06-06', 'heng.yawen@email.com', '$2y$10$92IXUNpkjO0rOQ5byMi.Ye4oKoEa3Ro9llC/.og/at2.uheWG/igi', '0912345678', '732', '台南市', '白河區', '中山路1號', '', 2, 1),
('睦建華', '1985-10-25', 'mu.jianhua@email.com', '$2y$10$92IXUNpkjO0rOQ5byMi.Ye4oKoEa3Ro9llC/.og/at2.uheWG/igi', '0923456789', '844', '高雄市', '六龜區', '中山路20號', '', 1, 1),
('廉淑貞', '1992-01-12', 'lian.shuzhen@email.com', '$2y$10$92IXUNpkjO0rOQ5byMi.Ye4oKoEa3Ro9llC/.og/at2.uheWG/igi', '0934567890', '974', '花蓮縣', '壽豐鄉', '中山路157號', '', 1, 1),
('蒲文傑', '1988-04-30', 'pu.wenjie@email.com', '$2y$10$92IXUNpkjO0rOQ5byMi.Ye4oKoEa3Ro9llC/.og/at2.uheWG/igi', '0945678901', '963', '台東縣', '太麻里鄉', '中山路268號', '', 2, 1);

INSERT INTO `user_levels` (`name`) VALUES
('木芽會員'),
('原木會員'),
('森林會員');

--------------------------------------------products 匯入
INSERT INTO `products` (`id`, `name`, `products_category_id`, `description`, `price`, `quantity`, `created_at`,`upload_at`, `is_valid`,`product_img`,  `style`, `shipping`,`colors_id`,`designers_id`, `materials_id`, `sizes_id`, `stocks_id`) VALUES
(1,'KALLAX 層架組', 1, '多功能層架，可橫放或直放，適合收納和展示。', 1999, 40, '2025-06-15 02:49:55', '2025-06-15 20:02:10',  1,null , '北歐簡約風',null , 1,1,1,1,1),
(2, 'EKTORP 三人座沙發', 1, '舒適的三人座沙發，可拆洗的布套。', 12990, 20, '2025-06-15 02:49:55','2025-06-15 02:49:55', 1, null ,'現代極簡風',null , 2,1,1,1,1),
(3, 'LACK 邊桌', 1, '輕巧實用的邊桌，適合各種空間。', 399, 100, '2025-06-15 02:49:55','2025-06-15 02:49:55',1, null , '北歐簡約風',null , 3,1,1,1,1),
(4, 'POÄNG 扶手椅', 1, '經典設計扶手椅，提供舒適支撐。', 3999, 30, '2025-06-15 02:49:55','2025-06-15 02:49:55', 1, null , '北歐簡約風',null , 4,1,1,1,1),
(5, 'BRIMNES 電視櫃', 1, '現代風格電視櫃，附收納空間。', 3999, 25, '2025-06-15 02:49:55','2025-06-15 02:49:55',  1,null , '現代極簡風', null ,5,1,1,1,1),
(6, 'KIVIK 單人沙發床', 1, '多功能沙發床，可展開作為床使用。', 10990, 15, '2025-06-15 02:49:55','2025-06-15 02:49:55',  1, null ,'現代極簡風', null ,6,1,1,1,1),
(7, 'LÖVBACKEN 茶几', 1, '葉形設計茶几，增添空間趣味。', 899, 35, '2025-06-15 02:49:55','2025-06-15 02:49:55',  1, null ,'北歐簡約風', null ,7,1,1,1,1),
(8, 'STRANDMON 扶手椅', 1, '高背扶手椅，提供舒適支撐。', 5999, 20, '2025-06-15 02:49:55', '2025-06-15 02:49:55', 1, null ,'北歐簡約風',null , 8,1,1,1,1),
(9, 'BORGEBY 咖啡桌', 1, '大理石紋茶几，展現優雅風格。', 3499, 25, '2025-06-15 02:49:55','2025-06-15 02:49:55', 1, null , '輕奢設計風', null ,9,1,1,1,1),
(10,'VIMLE 沙發床', 1, '模組化沙發，可自由組合。', 15999, 15, '2025-06-15 02:49:55','2025-06-15 02:49:55',  0, null ,'現代極簡風', null ,10,1,1,1,1);

INSERT INTO `products_category` (`id`, `name`) VALUES
(1, '客廳'),
(2, '餐廳/廚房'),
(3, '臥室'),
(4, '兒童房'),
(5, '辦公空間'),
(6, '收納用品');

INSERT INTO `product_img` (`id`, `product_id`, `img`) VALUES
(1, 1, '1749927241.jpg'),
(2, 1, '1749927235.jpg'),
(3, 1, '1749927236.jpg'),
(4, 1, '1749927237.jpg'),
(5, 4, '1749927476.jpg'),
(6, 4, '1749927465.jpg'),
(7, 5, '1749928469.jpg'),
(8, 5, '1749928461.jpg'),
(9, 5, '1749928462.jpg'),
(10, 5, '1749928463.jpg'),
(11, 5, '1749928464.jpg'),
(12, 5, '1749928465.jpg'),
(15, 10, '1749930374.jpg'),
(16, 10, '1749930283.jpg'),
(17, 10, '1749930284.jpg'),
(18, 7, '1749930430.jpg'),
(19, 7, '1749930424.jpg'),
(20, 8, '1749930592.jpeg'),
(21, 8, '1749930536.jpg'),
(29, 3, '1749931025.jpg'),
(30, 3, '1749930958.jpg'),
(31, 3, '1749930959.jpg'),
(32, 3, '1749930960.jpg'),
(33, 3, '1749930961.jpg'),
(34, 3, '1749930962.jpg'),
(35, 3, '1749930963.jpg'),
(36, 2, '1749931174.jpg'),
(37, 2, '1749931169.jpg'),
(38, 2, '1749931170.jpg'),
(39, 2, '1749931171.jpg'),
(40, 11, '1749931346.jpeg'),
(41, 11, '1749931315.jpg'),
(42, 11, '1749931316.jpg'),
(43, 11, '1749931317.jpg'),
(44, 11, '1749931318.jpg'),
(45, 13, '1749931657.jpg'),
(46, 13, '1749931649.jpg'),
(47, 94, '1749932158.jpg'),
(48, 94, '1749932152.jpg'),
(49, 94, '1749932153.jpg'),
(50, 94, '1749932154.jpg'),
(51, 20, '1749932774.jpg'),
(52, 20, '1749932757.jpg'),
(53, 20, '1749932758.jpg'),
(54, 20, '1749932759.jpg'),
(55, 20, '1749932762.jpg'),
(56, 14, '1749932823.jpg'),
(57, 14, '1749932818.jpg'),
(58, 14, '1749932819.jpg'),
(59, 14, '1749932820.jpg'),
(60, 14, '1749932821.jpg'),
(61, 19, '1749932855.jpg'),
(62, 19, '1749932851.jpg'),
(63, 15, '1749932894.jpg'),
(64, 15, '1749932889.jpg'),
(65, 15, '1749932890.jpg'),
(66, 15, '1749932891.jpg'),
(67, 31, '1749933552.jpg'),
(68, 31, '1749933548.jpg'),
(69, 12, '1749962636.jpg'),
(70, 12, '1749962630.jpg'),
(71, 12, '1749962631.jpg'),
(72, 16, '1749966048.jpg'),
(73, 16, '1749966043.jpg'),
(74, 16, '1749966044.jpg'),
(75, 16, '1749966045.jpg'),
(76, 16, '1749966046.jpg'),
(77, 17, '1749966140.jpg'),
(78, 17, '1749966135.jpg'),
(79, 17, '1749966136.jpg'),
(80, 17, '1749966137.jpg'),
(81, 18, '1749966215.jpg'),
(82, 18, '1749966209.jpg'),
(83, 18, '1749966210.jpg'),
(84, 18, '1749966211.jpg'),
(85, 68, '1749966568.jpeg'),
(86, 68, '1749966332.jpg'),
(87, 68, '1749966333.jpg'),
(88, 68, '1749966334.jpg'),
(89, 68, '1749966335.jpg'),
(90, 64, '1749966500.jpg'),
(91, 64, '1749966495.jpg'),
(92, 64, '1749966496.jpg'),
(93, 64, '1749966497.jpg'),
(94, 64, '1749966498.jpg'),
(95, 63, '1749966602.jpg'),
(96, 63, '1749966598.jpg'),
(97, 63, '1749966599.jpg'),
(98, 63, '1749966600.jpg'),
(99, 62, '1749966813.jpg'),
(100, 62, '1749966623.jpg'),
(101, 62, '1749966807.jpg'),
(102, 62, '1749966808.jpg'),
(103, 62, '1749966809.jpg'),
(104, 62, '1749966810.jpg'),
(105, 66, '1749966936.jpg'),
(106, 66, '1749966932.jpg'),
(107, 61, '1749967168.jpeg'),
(108, 61, '1749967101.jpg'),
(109, 61, '1749967102.jpg'),
(110, 61, '1749967103.jpg'),
(111, 61, '1749967104.jpg'),
(112, 67, '1749967239.jpg'),
(113, 67, '1749967235.jpg'),
(114, 67, '1749967236.jpg'),
(115, 67, '1749967237.jpg'),
(116, 69, '1749967294.jpg'),
(117, 69, '1749967290.jpg'),
(118, 65, '1749967374.jpg'),
(119, 65, '1749967369.jpg'),
(120, 65, '1749967370.jpg'),
(121, 65, '1749967371.jpg'),
(122, 65, '1749967372.jpg'),
(123, 65, '1749967373.jpg'),
(124, 70, '1749967442.jpg'),
(125, 70, '1749967438.jpg'),
(126, 70, '1749967439.jpg'),
(127, 70, '1749967440.jpg'),
(128, 71, '1749967512.jpg'),
(129, 71, '1749967508.jpg'),
(130, 71, '1749967509.jpg'),
(131, 72, '1749967643.jpg'),
(132, 72, '1749967631.jpg'),
(133, 72, '1749967632.jpg'),
(134, 72, '1749967633.jpg'),
(135, 72, '1749967634.jpg'),
(136, 72, '1749967635.jpg'),
(137, 72, '1749967636.jpg'),
(138, 72, '1749967637.jpg'),
(139, 75, '1749967674.jpg'),
(140, 75, '1749967669.jpg'),
(141, 75, '1749967670.jpg'),
(142, 75, '1749967671.jpg'),
(143, 75, '1749967672.jpg'),
(144, 75, '1749967673.jpg'),
(145, 75, '1749967674.jpg'),
(146, 75, '1749967675.jpg'),
(147, 75, '1749967676.jpg'),
(148, 75, '1749967677.jpg'),
(149, 75, '1749967678.jpg'),
(150, 75, '1749967679.jpg'),
(151, 74, '1749967783.jpg'),
(152, 74, '1749967774.jpg'),
(153, 74, '1749967775.jpg'),
(154, 74, '1749967778.jpg'),
(155, 73, '1749967810.jpg'),
(156, 73, '1749967805.jpg'),
(157, 73, '1749967806.jpg'),
(158, 73, '1749967807.jpg'),
(159, 73, '1749967808.jpg'),
(160, 73, '1749967809.jpg'),
(161, 73, '1749967810.jpg'),
(162, 73, '1749967811.jpg'),
(163, 82, '1749967846.jpg'),
(164, 82, '1749967841.jpg'),
(165, 82, '1749967842.jpg'),
(166, 82, '1749967843.jpg'),
(167, 82, '1749967844.jpg'),
(168, 76, '1749967963.jpg'),
(169, 76, '1749967959.jpg'),
(170, 76, '1749967960.jpg'),
(171, 76, '1749967961.jpg'),
(172, 77, '1749968044.jpeg'),
(173, 77, '1749967991.jpg'),
(174, 77, '1749967992.jpg'),
(175, 79, '1749968153.jpeg'),
(176, 79, '1749968073.jpg'),
(177, 79, '1749968074.jpg'),
(178, 79, '1749968075.jpg'),
(179, 78, '1749968330.jpg'),
(180, 78, '1749968326.jpg'),
(181, 78, '1749968327.jpg'),
(182, 78, '1749968328.jpg'),
(183, 80, '1749968356.jpg'),
(184, 80, '1749968350.jpg'),
(185, 80, '1749968351.jpg'),
(186, 80, '1749968352.jpg'),
(187, 81, '1749968404.jpg'),
(188, 81, '1749968394.jpg'),
(189, 81, '1749968395.jpg'),
(190, 81, '1749968396.jpg'),
(191, 81, '1749968398.jpg'),
(192, 50, '1749968489.jpg'),
(193, 50, '1749968483.jpg'),
(194, 50, '1749968484.jpg'),
(195, 50, '1749968485.jpg'),
(196, 50, '1749968486.jpg'),
(197, 50, '1749968487.jpg'),
(198, 50, '1749968488.jpg'),
(199, 50, '1749968489.jpg'),
(200, 50, '1749968490.jpg'),
(201, 50, '1749968491.jpg'),
(202, 45, '1749968536.jpg'),
(203, 45, '1749968530.jpg'),
(204, 45, '1749968531.jpg'),
(205, 45, '1749968532.jpg'),
(206, 45, '1749968533.jpg'),
(207, 45, '1749968534.jpg'),
(208, 45, '1749968535.jpg'),
(209, 45, '1749968536.jpg'),
(210, 45, '1749968537.jpg'),
(211, 45, '1749968538.jpg'),
(212, 45, '1749968539.jpg'),
(213, 45, '1749968540.jpg'),
(214, 48, '1749968696.jpg'),
(215, 48, '1749968691.jpg'),
(216, 44, '1749968779.jpg'),
(217, 44, '1749968775.jpg'),
(218, 44, '1749968776.jpg'),
(219, 44, '1749968777.jpg'),
(220, 43, '1749968802.jpg'),
(221, 43, '1749968798.jpg'),
(222, 43, '1749968799.jpg'),
(223, 42, '1749968847.jpg'),
(224, 42, '1749968820.jpg'),
(225, 42, '1749968821.jpg'),
(226, 42, '1749968822.jpg'),
(227, 42, '1749968823.jpg'),
(228, 42, '1749968825.jpg'),
(229, 42, '1749968826.jpg'),
(230, 42, '1749968827.jpg'),
(231, 47, '1749968884.jpg'),
(232, 47, '1749968867.jpg'),
(233, 47, '1749968868.jpg'),
(234, 47, '1749968876.jpg'),
(235, 49, '1749968984.jpg'),
(236, 49, '1749968972.jpg'),
(237, 49, '1749968976.jpg'),
(238, 46, '1749969072.jpg'),
(239, 46, '1749969067.jpg'),
(240, 46, '1749969068.jpg'),
(241, 46, '1749969069.jpg'),
(242, 41, '1749969203.jpeg'),
(243, 24, '1749969244.jpg'),
(244, 24, '1749969231.jpg'),
(245, 24, '1749969232.jpg'),
(246, 24, '1749969233.jpg'),
(247, 24, '1749969239.jpg'),
(248, 24, '1749969240.jpg'),
(249, 26, '1749969288.jpg'),
(250, 26, '1749969276.jpg'),
(251, 26, '1749969281.jpg'),
(252, 26, '1749969282.jpg'),
(253, 26, '1749969283.jpg'),
(254, 26, '1749969284.jpg'),
(255, 26, '1749969285.jpg'),
(256, 21, '1749969380.jpg'),
(257, 21, '1749969376.jpg'),
(258, 21, '1749969377.jpg'),
(259, 21, '1749969378.jpg'),
(260, 27, '1749969465.jpg'),
(261, 27, '1749969460.jpg'),
(262, 27, '1749969461.jpg'),
(265, 23, '1749969559.jpg'),
(266, 23, '1749969555.jpg'),
(267, 23, '1749969556.jpg'),
(268, 23, '1749969557.jpg'),
(269, 28, '1749969614.jpg'),
(270, 28, '1749969604.jpg'),
(271, 28, '1749969605.jpg'),
(272, 28, '1749969606.jpg'),
(273, 28, '1749969609.jpg'),
(274, 28, '1749969610.jpg'),
(275, 25, '1749969728.jpg'),
(276, 25, '1749969725.jpg'),
(277, 30, '1749969797.jpeg'),
(278, 30, '1749969748.jpg'),
(279, 30, '1749969749.jpg'),
(280, 30, '1749969750.jpg'),
(281, 29, '1749969877.jpg'),
(282, 29, '1749969873.jpg'),
(283, 38, '1749969971.jpg'),
(284, 38, '1749969963.jpg'),
(285, 38, '1749969964.jpg'),
(286, 38, '1749969965.jpg'),
(287, 38, '1749969966.jpg'),
(288, 35, '1749970084.jpg'),
(289, 35, '1749970079.jpg'),
(290, 35, '1749970080.jpg'),
(291, 35, '1749970081.jpg'),
(292, 35, '1749970082.jpg'),
(293, 35, '1749970083.jpg'),
(294, 37, '1749970178.jpg'),
(295, 37, '1749970175.jpg'),
(296, 37, '1749970176.jpg'),
(297, 34, '1749970250.jpeg'),
(298, 34, '1749970204.jpg'),
(299, 34, '1749970205.jpg'),
(300, 34, '1749970206.jpg'),
(301, 34, '1749970207.jpg'),
(302, 39, '1749970379.jpeg'),
(303, 39, '1749970357.jpg'),
(304, 39, '1749970358.jpg'),
(305, 39, '1749970359.jpg'),
(306, 36, '1749970455.jpg'),
(307, 36, '1749970451.jpg'),
(308, 33, '1749970585.jpg'),
(309, 33, '1749970581.jpg'),
(310, 32, '1749970725.jpg'),
(311, 32, '1749970722.jpg'),
(312, 40, '1749970801.jpg'),
(313, 40, '1749970797.jpg'),
(314, 40, '1749970798.jpg'),
(315, 54, '1749970912.jpg'),
(316, 54, '1749970893.jpg'),
(317, 54, '1749970894.jpg'),
(318, 51, '1749970982.jpg'),
(319, 51, '1749970976.jpg'),
(320, 51, '1749970977.jpg'),
(321, 51, '1749970978.jpg'),
(322, 52, '1749971117.jpg'),
(323, 52, '1749971112.jpg'),
(324, 52, '1749971113.jpg'),
(325, 52, '1749971114.jpg'),
(326, 57, '1749971405.jpg'),
(327, 57, '1749971401.jpg'),
(328, 57, '1749971402.jpg'),
(329, 60, '1749971514.jpg'),
(330, 60, '1749971501.jpg'),
(331, 55, '1749971598.jpg'),
(332, 55, '1749971581.jpg'),
(333, 55, '1749971582.jpg'),
(334, 55, '1749971583.jpg'),
(335, 59, '1749971686.jpg'),
(336, 59, '1749971667.jpg'),
(337, 59, '1749971668.jpg'),
(338, 59, '1749971669.jpg'),
(339, 59, '1749971670.jpg'),
(340, 59, '1749971671.jpg'),
(341, 53, '1749971807.jpg'),
(342, 53, '1749971793.jpg'),
(343, 53, '1749971794.jpg'),
(344, 53, '1749971795.jpg'),
(345, 53, '1749971796.jpg'),
(346, 53, '1749971797.jpg'),
(347, 53, '1749971798.jpg'),
(348, 56, '1749971879.jpg'),
(349, 56, '1749971869.jpg'),
(350, 56, '1749971870.jpg'),
(351, 58, '1749971983.jpg'),
(352, 58, '1749971975.jpg'),
(353, 84, '1749972116.jpg'),
(354, 84, '1749972103.jpg'),
(355, 83, '1749972215.jpg'),
(356, 83, '1749972192.jpg'),
(357, 83, '1749972193.jpg'),
(358, 86, '1749972246.jpg'),
(359, 86, '1749972241.jpg'),
(360, 86, '1749972242.jpg'),
(361, 86, '1749972243.jpg'),
(362, 86, '1749972244.jpg'),
(363, 86, '1749972245.jpg'),
(364, 86, '1749972246.jpg'),
(371, 87, '1749972422.jpg'),
(372, 87, '1749972417.jpg'),
(373, 87, '1749972418.jpg'),
(374, 87, '1749972419.jpg'),
(375, 87, '1749972420.jpg'),
(376, 88, '1749972452.jpg'),
(377, 88, '1749972447.jpg'),
(378, 88, '1749972448.jpg'),
(379, 88, '1749972449.jpg'),
(380, 88, '1749972450.jpg'),
(381, 88, '1749972451.jpg'),
(382, 88, '1749972452.jpg'),
(383, 88, '1749972453.jpg'),
(384, 88, '1749972454.jpg'),
(385, 88, '1749972455.jpg'),
(386, 88, '1749972456.jpg'),
(387, 88, '1749972457.jpg'),
(388, 85, '1749972476.jpg'),
(389, 85, '1749972471.jpg'),
(390, 85, '1749972472.jpg'),
(391, 85, '1749972473.jpg'),
(392, 85, '1749972474.jpg'),
(393, 85, '1749972475.jpg'),
(394, 85, '1749972476.jpg'),
(395, 89, '1749972503.jpg'),
(396, 89, '1749972498.jpg'),
(397, 89, '1749972499.jpg'),
(398, 89, '1749972500.jpg'),
(399, 89, '1749972501.jpg'),
(400, 89, '1749972502.jpg'),
(401, 89, '1749972503.jpg'),
(402, 90, '1749972613.jpg'),
(403, 90, '1749972608.jpg'),
(404, 90, '1749972609.jpg'),
(405, 90, '1749972610.jpg'),
(406, 90, '1749972611.jpg'),
(407, 90, '1749972612.jpg'),
(408, 91, '1749972714.jpg'),
(409, 91, '1749972710.jpg'),
(410, 91, '1749972711.jpg'),
(411, 91, '1749972712.jpg'),
(412, 91, '1749972713.jpg'),
(413, 92, '1749972758.jpg'),
(414, 92, '1749972752.jpg'),
(415, 92, '1749972753.jpg'),
(416, 92, '1749972754.jpg'),
(417, 92, '1749972755.jpg'),
(418, 92, '1749972756.jpg'),
(419, 93, '1749972942.jpg'),
(420, 93, '1749972926.jpg'),
(421, 93, '1749972927.jpg'),
(422, 93, '1749972928.jpg'),
(423, 93, '1749972929.jpg'),
(424, 93, '1749972930.jpg'),
(425, 100, '1749972982.jpg'),
(426, 100, '1749972975.jpg'),
(427, 100, '1749972976.jpg'),
(428, 100, '1749972977.jpg'),
(429, 100, '1749972978.jpg'),
(430, 100, '1749972979.jpg'),
(431, 100, '1749972980.jpg'),
(432, 100, '1749972981.jpg'),
(433, 100, '1749972982.jpg'),
(434, 100, '1749972983.jpg'),
(435, 97, '1749973064.jpg'),
(436, 97, '1749973049.jpg'),
(437, 97, '1749973050.jpg'),
(438, 97, '1749973051.jpg'),
(439, 97, '1749973052.jpg'),
(440, 96, '1749973132.jpg'),
(441, 96, '1749973128.jpg'),
(442, 96, '1749973129.jpg'),
(443, 96, '1749973130.jpg'),
(444, 95, '1749973209.jpg'),
(445, 95, '1749973203.jpg'),
(446, 98, '1749973276.jpg'),
(447, 98, '1749973273.jpg'),
(448, 98, '1749973274.jpg'),
(449, 98, '1749973275.jpg'),
(450, 99, '1749973391.jpg'),
(451, 99, '1749973387.jpg'),
(452, 99, '1749973388.jpg'),
(453, 99, '1749973389.jpg'),
(454, 99, '1749973390.jpg'),
(455, 103, '1749973455.jpg'),
(456, 103, '1749973450.jpg'),
(457, 103, '1749973451.jpg'),
(458, 103, '1749973452.jpg'),
(459, 103, '1749973453.jpg'),
(460, 103, '1749973454.jpg'),
(461, 103, '1749973455.jpg'),
(462, 108, '1749973527.jpg'),
(463, 108, '1749973520.jpg'),
(464, 108, '1749973521.jpg'),
(465, 102, '1749973602.jpg'),
(466, 102, '1749973598.jpg'),
(467, 102, '1749973599.jpg'),
(468, 102, '1749973600.jpg'),
(469, 101, '1749973696.jpg'),
(470, 101, '1749973688.jpg'),
(471, 101, '1749973689.jpg'),
(472, 101, '1749973690.jpg'),
(473, 104, '1749973724.jpg'),
(474, 104, '1749973719.jpg'),
(475, 104, '1749973720.jpg'),
(476, 104, '1749973721.jpg'),
(477, 106, '1749973864.jpeg'),
(478, 106, '1749973750.jpg'),
(479, 106, '1749973751.jpg'),
(480, 106, '1749973752.jpg'),
(481, 106, '1749973753.jpg'),
(482, 107, '1749973945.jpg'),
(483, 107, '1749973934.jpg'),
(484, 107, '1749973935.jpg'),
(485, 107, '1749973936.jpg'),
(486, 107, '1749973937.jpg'),
(487, 105, '1749974003.jpg'),
(488, 105, '1749973995.jpg'),
(489, 105, '1749973996.jpg'),
(490, 105, '1749973997.jpg'),
(491, 105, '1749973998.jpg'),
(492, 109, '1749974096.jpg'),
(493, 109, '1749974079.jpg'),
(494, 109, '1749974080.jpg'),
(495, 109, '1749974081.jpg'),
(496, 109, '1749974082.jpg'),
(497, 109, '1749974083.jpg'),
(498, 110, '1749974186.jpg'),
(499, 110, '1749974180.jpg'),
(500, 110, '1749974181.jpg'),
(501, 110, '1749974182.jpg'),
(502, 111, '1749974290.jpg'),
(503, 111, '1749974272.jpg'),
(504, 111, '1749974273.jpg'),
(505, 111, '1749974274.jpg'),
(506, 111, '1749974277.jpg'),
(507, 111, '1749974278.jpg'),
(508, 112, '1749974369.jpg'),
(509, 112, '1749974353.jpg'),
(510, 112, '1749974354.jpg'),
(511, 112, '1749974355.jpg'),
(512, 114, '1749974491.jpeg'),
(513, 114, '1749974456.jpg'),
(514, 114, '1749974457.jpg'),
(515, 114, '1749974458.jpg'),
(516, 114, '1749974459.jpg'),
(517, 119, '1749974579.jpg'),
(518, 119, '1749974569.jpg'),
(519, 119, '1749974570.jpg'),
(520, 119, '1749974571.jpg'),
(521, 124, '1749974719.jpg'),
(522, 124, '1749974704.jpg'),
(523, 124, '1749974705.jpg'),
(524, 124, '1749974706.jpg'),
(525, 122, '1749974825.jpg'),
(526, 122, '1749974834.jpg'),
(527, 122, '1749974835.jpg'),
(528, 127, '1749974876.jpg'),
(529, 127, '1749974857.jpg'),
(530, 117, '1749974966.jpg'),
(531, 117, '1749974956.jpg'),
(532, 117, '1749974957.jpg'),
(533, 115, '1749975173.jpg'),
(534, 115, '1749975169.jpg'),
(535, 115, '1749975170.jpg'),
(536, 120, '1749975282.jpg'),
(537, 120, '1749975278.jpg'),
(538, 113, '1749975376.jpg'),
(543, 118, '1749975657.jpg'),
(544, 118, '1749975652.jpg'),
(545, 126, '1749975770.jpg'),
(546, 121, '1749975791.jpg'),
(547, 125, '1749975977.jpg'),
(548, 125, '1749975972.jpg'),
(549, 125, '1749975973.jpg'),
(550, 125, '1749975974.jpg'),
(551, 125, '1749975975.jpg'),
(552, 125, '1749975976.jpg'),
(553, 125, '1749975977.jpg'),
(554, 123, '1749976291.jpg'),
(555, 116, '1749976636.jpg'),
(556, 116, '1749976629.jpg'),
(557, 116, '1749976630.jpg'),
(558, 116, '1749976631.jpg'),
(559, 116, '1749976632.jpg'),
(560, 116, '1749976633.jpg'),
(561, 116, '1749976634.jpg'),
(562, 22, '1749976876.jpg'),
(563, 22, '1749976857.jpg'),
(564, 22, '1749976858.jpg'),
(565, 22, '1749976859.jpg'),
(566, 22, '1749976860.jpg'),
(567, 22, '1749976861.jpg'),
(568, 22, '1749976862.jpg'),
(569, 22, '1749976863.jpg'),
(570, 22, '1749976864.jpg'),
(571, 9, '1749977307.jpg'),
(572, 9, '1749977302.jpg'),
(573, 9, '1749977303.jpg'),
(574, 9, '1749977304.jpg'),
(575, 6, '1749977664.jpeg'),
(576, 6, '1749977626.jpg'),
(577, 6, '1749977627.jpg'),
(578, 6, '1749977628.jpg'),
(579, 128, '1749986834.jpeg'),
(580, 129, '1749986897.jpeg'),
(581, 130, '1749990656.jpeg'),
(582, 130, '1749990768.jpeg'),
(583, 130, '1749990769.jpeg');

INSERT INTO `style` (`id`, `product_id`, `des`) VALUES
(9, 1, '北歐簡約風'),
(10, 2, '現代極簡風'),
(11, 3, '工業復古風'),
(12, 4, '日式禪園風'),
(13, 5, '美式鄉村風'),
(14, 6, '法式優雅風'),
(15, 7, '輕奢設計風'),
(16, 8, '無印自然風');

--------------------------------------------coupons 匯入
INSERT INTO `coupons` (`id`, `name`, `code`, `discount_type`, `discount`, `min_discount`, `max_amount`, `start_at`, `end_at`, `valid_days`, `is_valid`, `created_at`) VALUES
(1, '新年家居折扣券', 'KSHUHPW8', 1, 120.00, 600, NULL, '2024-02-01', '2024-03-01', NULL, 1, '2025-06-13 13:28:18'),
(2, '夏日超值折扣券', 'EPIXFGK7', 2, 0.80, 0, NULL, NULL, NULL, 20, 1, '2025-06-13 13:29:06'),
(3, '全館家電折扣', '9ZGRQX69', 1, 180.00, 700, NULL, '2025-07-01', '2025-07-15', NULL, 1, '2025-06-13 13:29:52'),
(4, '床墊新品促銷', 'SFRUX1UU', 2, 0.85, 300, 500, '2024-10-01', '2024-11-01', NULL, 1, '2025-06-13 13:31:19'),
(5, '會員專屬折價券', '2O0K6F6Q', 1, 250.00, 800, NULL, NULL, NULL, 25, 1, '2025-06-13 13:31:56'),
(6, '餐廳家電超值折扣', '6FU9TCQB', 1, 90.00, 400, NULL, '2025-05-25', '2025-06-25', NULL, 1, '2025-06-13 13:32:43'),
(7, '親子空間促銷券', '5SOUQVV7', 2, 0.75, 0, NULL, NULL, NULL, 30, 1, '2025-06-13 13:33:25'),
(8, '全館清倉折扣', 'A3NF5SXQ', 1, 400.00, 2000, NULL, '2024-07-10', '2024-08-10', NULL, 1, '2025-06-13 13:34:24'),
(9, '新會員歡迎禮', 'RLMEGULB', 2, 0.90, 0, NULL, '2025-06-28', '2025-07-20', NULL, 1, '2025-06-13 13:35:26'),
(10, '家具滿額現折', 'P9GNXFPM', 1, 300.00, 1500, 400, '2025-05-15', '2025-06-20', NULL, 1, '2025-06-13 13:37:20'),
(11, '年度特賣券', '36W7BM33', 1, 200.00, 500, 80, '2024-12-01', '2025-01-10', NULL, 1, '2025-06-13 13:39:27'),
(12, '夏季家具8折券', '67S1N46E', 2, 0.80, 0, NULL, '2025-06-10', '2025-07-10', NULL, 1, '2025-06-13 13:40:29'),
(13, '辦公空間專屬券', 'VCSSK4M7', 1, 150.00, 600, 300, '2025-07-01', '2025-07-20', NULL, 1, '2025-06-13 13:41:22'),
(14, '家具新品體驗券', 'FA56SJSK', 1, 100.00, 300, NULL, NULL, NULL, 15, 1, '2025-06-13 13:42:25'),
(15, '臥室床架折扣券', '3G4Q3G1W', 1, 250.00, 1000, 400, '2025-05-25', '2025-06-30', NULL, 1, '2025-06-13 13:43:09'),
(16, '親子房限量優惠券', 'H31HS6MR', 2, 0.85, 200, 90, '2024-08-01', '2024-09-01', NULL, 1, '2025-06-13 13:44:21'),
(17, '餐廳廚房現金券', '3KJ9C4UY', 1, 120.00, 400, NULL, '2025-06-05', '2025-06-25', NULL, 1, '2025-06-13 13:44:59'),
(18, '原木家具會員專屬券', 'VAB79GO1', 2, 0.75, 500, 400, NULL, NULL, 20, 1, '2025-06-13 13:45:51'),
(19, '客廳沙發超值券', 'WTOAHZBE', 1, 300.00, 1200, 1200, '2024-11-15', '2024-12-15', NULL, 1, '2025-06-13 13:46:40'),
(20, '木芽會員滿額折扣券', 'KADKA8KX', 2, 0.90, 500, 320, '2025-06-13', '2025-07-20', NULL, 1, '2025-06-13 13:47:43'),
(21, '全館會員尊享券', 'CBFR3LK4', 1, 150.00, 500, 2000, '2024-09-01', '2024-10-01', NULL, 1, '2025-06-13 13:49:38'),
(22, '新會員歡迎折扣', 'XH6IC0HO', 2, 0.85, 0, NULL, NULL, NULL, 30, 1, '2025-06-13 13:50:12'),
(23, '臥室床墊現折券', 'BOZ19BE6', 1, 200.00, 1000, 100, '2025-05-10', '2025-06-15', NULL, 1, '2025-06-13 13:50:41'),
(24, '兒童房家居優惠券', '4KTBBWOX', 2, 0.80, 300, 600, '2025-07-01', '2025-07-25', NULL, 1, '2025-06-13 13:51:27'),
(25, '廚房家電現折券', 'W12USGY5', 1, 100.00, 400, NULL, '2025-06-05', '2025-07-05', NULL, 1, '2025-06-13 13:52:19'),
(26, '原木會員專屬8折券', 'OQ3E8RJM', 2, 0.80, 500, 1000, NULL, NULL, 20, 1, '2025-06-13 13:52:43'),
(27, '全館滿額現折券', 'MZCKP7J1', 1, 300.00, 1500, 5000, '2024-10-15', '2024-11-15', NULL, 1, '2025-06-13 13:53:35'),
(28, '會員專屬限量現金券', 'DOSRF2RP', 1, 180.00, 600, 150, '2025-06-15', '2025-07-15', NULL, 1, '2025-06-13 13:54:27'),
(29, '家具清倉折扣券', 'O9ALQ4P9', 1, 250.00, 1000, NULL, '2024-07-20', '2024-08-20', NULL, 1, '2025-06-13 13:55:27'),
(30, '辦公空間滿額8折券', 'QCVSR1K4', 2, 0.80, 800, 1000, '2025-07-05', '2025-07-25', NULL, 1, '2025-06-13 13:56:10'),
(31, '全館任選9折券', '6DDUINGI', 2, 0.90, 300, NULL, '2025-06-01', '2025-06-30', NULL, 1, '2025-06-13 14:06:36'),
(32, '收納用品專屬現折券', '6QBB82H5', 1, 120.00, 400, 450, '2024-10-01', '2024-11-01', NULL, 1, '2025-06-13 14:14:21'),
(33, '會員專屬滿額折扣券', 'DQI0W808', 1, 300.00, 1500, NULL, NULL, NULL, 7, 1, '2025-06-13 14:15:07'),
(34, '兒童房超值折扣券', 'MQPCG24K', 2, 0.75, 200, 180, '2025-07-10', '2025-07-31', NULL, 1, '2025-06-13 14:15:54'),
(35, '全館清倉特賣券', 'U7S5VZHU', 1, 400.00, 2000, 1100, '2024-08-10', '2024-09-10', NULL, 1, '2025-06-13 14:17:01'),
(36, '客廳家電現金券', 'S8OC6VOY', 1, 180.00, 600, NULL, '2025-06-10', '2025-07-15', NULL, 1, '2025-06-13 14:17:38'),
(37, '原木家具專屬券', '8MLIZM96', 2, 0.80, 500, 600, NULL, NULL, 14, 1, '2025-06-13 14:18:12'),
(38, '餐廳廚房滿額現折券', 'NEPTRRU3', 1, 150.00, 700, 30, '2025-07-01', '2025-07-20', NULL, 1, '2025-06-13 14:18:43'),
(39, '會員限定高額折扣券', 'FUIE0P27', 1, 500.00, 2500, 50, '2024-07-25', '2024-08-25', NULL, 1, '2025-06-13 14:19:29'),
(40, '全館自由折扣券', 'AZ93120Q', 2, 0.85, 300, NULL, NULL, NULL, 30, 1, '2025-06-13 14:25:30'),
(41, '全館家具折扣券', '5XMCV1PK', 1, 200.00, 500, 250, '2025-06-01', '2025-06-30', NULL, 1, '2025-06-13 14:27:17'),
(42, '兒童房限量優惠券', '6K0SBMTB', 2, 0.80, 300, 30, '2025-07-05', '2025-07-25', NULL, 1, '2025-06-13 14:27:57'),
(43, '全館自由現折券', 'SYF7JOGB', 1, 150.00, 400, NULL, NULL, NULL, 21, 1, '2025-06-13 14:28:56'),
(44, '餐廳廚房現金優惠券', 'WT37E058', 1, 100.00, 500, 50, '2024-08-15', '2024-09-15', NULL, 1, '2025-06-13 14:29:39'),
(45, '家具超值9折券', 'CDLSZC2B', 2, 0.90, 600, NULL, '2025-06-10', '2025-07-10', NULL, 1, '2025-06-13 14:30:15'),
(46, '會員限定高額現折券', '6UAYH101', 1, 400.00, 2000, 30, '2024-07-20', '2024-08-20', NULL, 1, '2025-06-13 14:31:08'),
(47, '親子空間滿額現折券', '0ZNHXJBM', 1, 180.00, 800, 400, '2025-07-01', '2025-07-20', NULL, 1, '2025-06-13 14:31:59'),
(48, '會員專屬折扣碼', 'PLYXFTGD', 2, 0.85, 500, NULL, NULL, NULL, 7, 1, '2025-06-13 14:32:29'),
(49, '全館清倉現折券', '5MFIYPLC', 1, 300.00, 1500, 150, '2025-01-01', '2025-02-28', NULL, 1, '2025-06-13 14:33:20'),
(50, '辦公空間滿額8折券', 'MAZM03B4', 2, 0.80, 700, 45, '2025-06-25', '2025-07-25', NULL, 1, '2025-06-13 14:34:02'),
(51, '全館快閃限量券', 'IHG3K9UN', 1, 250.00, 1000, 35, '2025-02-01', '2025-03-31', NULL, 1, '2025-06-13 14:35:20'),
(52, '木芽會員滿額9折券', 'ECJ4UP3G', 2, 0.90, 500, NULL, NULL, NULL, 30, 1, '2025-06-13 14:35:54'),
(53, '餐廳家電限時優惠券', 'JUNHGT88', 1, 180.00, 600, 280, '2025-06-10', '2025-07-31', NULL, 1, '2025-06-13 14:36:49'),
(54, '親子房新品促銷券', 'S14I8JHS', 1, 200.00, 700, 1300, '2025-07-05', '2025-07-25', NULL, 1, '2025-06-13 14:37:35'),
(55, '全館自由使用85折券', 'T6PGZCJW', 2, 0.85, 300, NULL, NULL, NULL, 21, 1, '2025-06-13 14:38:18');

INSERT INTO `coupon_categories` (`id`, `coupon_id`, `category_id`) VALUES
(1, 1, 1),
(2, 1, 3),
(3, 1, 5),
(4, 2, 4),
(5, 2, 6),
(6, 3, 1),
(7, 3, 2),
(8, 3, 5),
(9, 3, 6),
(10, 4, 3),
(11, 4, 4),
(12, 5, 1),
(13, 5, 2),
(14, 5, 3),
(15, 5, 4),
(16, 5, 5),
(17, 5, 6),
(18, 6, 2),
(19, 6, 6),
(20, 7, 2),
(21, 7, 3),
(22, 7, 4),
(23, 8, 1),
(24, 8, 2),
(25, 8, 3),
(26, 8, 4),
(27, 8, 5),
(28, 8, 6),
(29, 9, 1),
(30, 9, 2),
(31, 9, 3),
(32, 9, 4),
(33, 9, 5),
(34, 9, 6),
(35, 10, 2),
(36, 10, 3),
(37, 10, 4),
(38, 11, 1),
(39, 11, 2),
(40, 12, 3),
(41, 12, 6),
(42, 13, 5),
(43, 14, 1),
(44, 14, 2),
(45, 14, 3),
(46, 14, 4),
(47, 14, 5),
(48, 14, 6),
(49, 15, 3),
(50, 16, 4),
(51, 17, 2),
(52, 17, 6),
(53, 18, 1),
(54, 18, 5),
(55, 19, 1),
(56, 20, 1),
(57, 20, 2),
(58, 20, 3),
(59, 20, 4),
(60, 20, 5),
(61, 20, 6),
(62, 21, 1),
(63, 21, 2),
(64, 21, 6),
(65, 22, 1),
(66, 22, 2),
(67, 22, 3),
(68, 22, 4),
(69, 22, 5),
(70, 22, 6),
(71, 23, 3),
(72, 24, 4),
(73, 24, 6),
(74, 25, 2),
(75, 25, 5),
(76, 25, 6),
(77, 26, 1),
(78, 26, 2),
(79, 26, 3),
(80, 26, 4),
(81, 26, 5),
(82, 26, 6),
(83, 27, 1),
(84, 27, 2),
(85, 27, 3),
(86, 28, 2),
(87, 28, 3),
(88, 28, 4),
(89, 28, 5),
(90, 29, 1),
(91, 29, 5),
(92, 29, 6),
(93, 30, 5),
(94, 30, 6),
(95, 31, 1),
(96, 31, 6),
(97, 32, 6),
(98, 33, 1),
(99, 33, 2),
(100, 33, 3),
(101, 33, 4),
(102, 33, 5),
(103, 33, 6),
(104, 34, 4),
(105, 35, 1),
(106, 35, 2),
(107, 35, 3),
(108, 35, 5),
(109, 36, 1),
(110, 36, 2),
(111, 37, 1),
(112, 37, 2),
(113, 37, 3),
(114, 37, 4),
(115, 37, 5),
(116, 37, 6),
(117, 38, 2),
(118, 38, 6),
(119, 39, 1),
(120, 39, 5),
(121, 40, 1),
(122, 40, 2),
(123, 40, 3),
(124, 40, 4),
(125, 40, 5),
(126, 40, 6),
(127, 41, 1),
(128, 41, 2),
(129, 41, 3),
(130, 42, 4),
(131, 43, 1),
(132, 43, 2),
(133, 43, 3),
(134, 43, 4),
(135, 43, 5),
(136, 43, 6),
(137, 44, 2),
(138, 44, 6),
(139, 45, 1),
(140, 45, 2),
(141, 45, 3),
(142, 45, 5),
(143, 46, 1),
(144, 46, 5),
(145, 46, 6),
(146, 47, 2),
(147, 47, 3),
(148, 47, 4),
(149, 48, 1),
(150, 48, 2),
(151, 48, 3),
(152, 48, 4),
(153, 48, 5),
(154, 48, 6),
(155, 49, 1),
(156, 49, 2),
(157, 49, 6),
(158, 50, 5),
(159, 50, 6),
(160, 51, 1),
(161, 51, 2),
(162, 51, 6),
(163, 52, 1),
(164, 52, 2),
(165, 52, 3),
(166, 52, 4),
(167, 52, 5),
(168, 52, 6),
(169, 53, 2),
(170, 53, 5),
(171, 53, 6),
(172, 54, 2),
(173, 54, 3),
(174, 54, 4),
(175, 55, 1),
(176, 55, 2),
(177, 55, 3),
(178, 55, 4),
(179, 55, 5),
(180, 55, 6);

INSERT INTO `coupon_levels` (`id`, `coupon_id`, `level_id`) VALUES
(1, 1, 1),
(2, 1, 2),
(3, 1, 3),
(4, 2, 2),
(5, 3, 1),
(6, 3, 2),
(7, 3, 3),
(8, 4, 2),
(9, 4, 3),
(10, 5, 2),
(11, 5, 3),
(12, 6, 3),
(13, 7, 1),
(14, 7, 2),
(15, 8, 1),
(16, 8, 2),
(17, 8, 3),
(18, 9, 1),
(19, 9, 2),
(20, 9, 3),
(21, 10, 1),
(22, 10, 2),
(23, 11, 1),
(24, 11, 2),
(25, 11, 3),
(26, 12, 2),
(27, 12, 3),
(28, 13, 3),
(29, 14, 1),
(30, 15, 2),
(31, 15, 3),
(32, 16, 2),
(33, 17, 3),
(34, 18, 2),
(35, 19, 1),
(36, 19, 2),
(37, 19, 3),
(38, 20, 1),
(39, 21, 1),
(40, 21, 2),
(41, 21, 3),
(42, 22, 1),
(43, 23, 1),
(44, 23, 2),
(45, 23, 3),
(46, 24, 3),
(47, 25, 2),
(48, 25, 3),
(49, 26, 2),
(50, 27, 1),
(51, 27, 2),
(52, 27, 3),
(53, 28, 1),
(54, 28, 2),
(55, 28, 3),
(56, 29, 1),
(57, 29, 2),
(58, 29, 3),
(59, 30, 2),
(60, 30, 3),
(61, 31, 1),
(62, 31, 2),
(63, 32, 2),
(64, 32, 3),
(65, 33, 1),
(66, 33, 2),
(67, 33, 3),
(68, 34, 3),
(69, 35, 1),
(70, 35, 2),
(71, 35, 3),
(72, 36, 2),
(73, 36, 3),
(74, 37, 2),
(75, 38, 3),
(76, 39, 1),
(77, 39, 2),
(78, 40, 1),
(79, 40, 2),
(80, 40, 3),
(81, 41, 1),
(82, 41, 2),
(83, 41, 3),
(84, 42, 3),
(85, 43, 2),
(86, 43, 3),
(87, 44, 2),
(88, 45, 1),
(89, 45, 2),
(90, 45, 3),
(91, 46, 1),
(92, 46, 2),
(93, 47, 2),
(94, 47, 3),
(95, 48, 1),
(96, 48, 2),
(97, 48, 3),
(98, 49, 1),
(99, 49, 2),
(100, 49, 3),
(101, 50, 2),
(102, 50, 3),
(103, 51, 1),
(104, 51, 2),
(105, 51, 3),
(106, 52, 1),
(107, 53, 2),
(108, 53, 3),
(109, 54, 1),
(110, 54, 2),
(111, 55, 1),
(112, 55, 2),
(113, 55, 3);
------------ article匯入

INSERT INTO `article_category` (`name`) VALUES 
('推薦風格'),
('有趣小知識'),
('家具保養與使用技巧'),
('家具選購指南'),
('美感生活誌');


